reference_lap_id,candidate_lap_id,expected_finish_delta_s,actual_finish_delta_s,finish_error_s,max_abs_sector_endpoint_error_s,endpoint_status,condition_status,condition_reasons
Q-VER-L17,Q-NOR-L16,0.201,0.201,0.0,0.0,PASS_EXACT_OFFICIAL_SECTOR_ENDPOINTS,COMPARABLE_DEFAULT,
Q-VER-L17,Q-PIA-L16,0.23,0.23,0.0,0.0,PASS_EXACT_OFFICIAL_SECTOR_ENDPOINTS,COMPARABLE_DEFAULT,
Q-VER-L17,Q-RUS-L17,0.438,0.438,0.0,0.0,PASS_EXACT_OFFICIAL_SECTOR_ENDPOINTS,COMPARABLE_DEFAULT,
Q-VER-L17,Q-LEC-L17,0.523,0.523,0.0,0.0,PASS_EXACT_OFFICIAL_SECTOR_ENDPOINTS,COMPARABLE_DEFAULT,
Q-VER-L17,R-LEC-L45,4.518,4.518,0.0,0.0,PASS_EXACT_OFFICIAL_SECTOR_ENDPOINTS,CONDITION_WARNING,WARNING_CROSS_SESSION_COMBINED_CONDITIONS|WARNING_DIFFERENT_COMPOUND|WARNING_TYRE_AGE_OUTSIDE_DEFAULT_SUPPORT
Q-VER-L17,R-PIA-L44,4.558,4.558,0.0,0.0,PASS_EXACT_OFFICIAL_SECTOR_ENDPOINTS,CONDITION_WARNING,WARNING_CROSS_SESSION_COMBINED_CONDITIONS|WARNING_DIFFERENT_COMPOUND
Q-VER-L17,R-NOR-L48,4.611,4.611,0.0,0.0,PASS_EXACT_OFFICIAL_SECTOR_ENDPOINTS,CONDITION_WARNING,WARNING_CROSS_SESSION_COMBINED_CONDITIONS|WARNING_DIFFERENT_COMPOUND|WARNING_TYRE_AGE_OUTSIDE_DEFAULT_SUPPORT
Q-VER-L17,R-HUL-L46,4.843,4.843,0.0,0.0,PASS_EXACT_OFFICIAL_SECTOR_ENDPOINTS,CONDITION_WARNING,WARNING_CROSS_SESSION_COMBINED_CONDITIONS|WARNING_DIFFERENT_COMPOUND
Q-VER-L17,R-VER-L39,5.418,5.418,0.0,0.0,PASS_EXACT_OFFICIAL_SECTOR_ENDPOINTS,CONDITION_WARNING,WARNING_CROSS_SESSION_COMBINED_CONDITIONS|WARNING_DIFFERENT_COMPOUND|WARNING_TYRE_AGE_OUTSIDE_DEFAULT_SUPPORT
Q-NOR-L16,Q-VER-L17,-0.201,-0.201,0.0,0.0,PASS_EXACT_OFFICIAL_SECTOR_ENDPOINTS,COMPARABLE_DEFAULT,
Q-NOR-L16,Q-PIA-L16,0.029,0.029,0.0,0.0,PASS_EXACT_OFFICIAL_SECTOR_ENDPOINTS,COMPARABLE_DEFAULT,
Q-NOR-L16,Q-RUS-L17,0.237,0.237,0.0,0.0,PASS_EXACT_OFFICIAL_SECTOR_ENDPOINTS,COMPARABLE_DEFAULT,
Q-NOR-L16,Q-LEC-L17,0.322,0.322,0.0,0.0,PASS_EXACT_OFFICIAL_SECTOR_ENDPOINTS,COMPARABLE_DEFAULT,
Q-NOR-L16,R-LEC-L45,4.317,4.317,0.0,0.0,PASS_EXACT_OFFICIAL_SECTOR_ENDPOINTS,CONDITION_WARNING,WARNING_CROSS_SESSION_COMBINED_CONDITIONS|WARNING_DIFFERENT_COMPOUND|WARNING_TYRE_AGE_OUTSIDE_DEFAULT_SUPPORT
Q-NOR-L16,R-PIA-L44,4.357,4.357,0.0,0.0,PASS_EXACT_OFFICIAL_SECTOR_ENDPOINTS,CONDITION_WARNING,WARNING_CROSS_SESSION_COMBINED_CONDITIONS|WARNING_DIFFERENT_COMPOUND
Q-NOR-L16,R-NOR-L48,4.41,4.41,0.0,0.0,PASS_EXACT_OFFICIAL_SECTOR_ENDPOINTS,CONDITION_WARNING,WARNING_CROSS_SESSION_COMBINED_CONDITIONS|WARNING_DIFFERENT_COMPOUND|WARNING_TYRE_AGE_OUTSIDE_DEFAULT_SUPPORT
Q-NOR-L16,R-HUL-L46,4.642,4.642,0.0,0.0,PASS_EXACT_OFFICIAL_SECTOR_ENDPOINTS,CONDITION_WARNING,WARNING_CROSS_SESSION_COMBINED_CONDITIONS|WARNING_DIFFERENT_COMPOUND
Q-NOR-L16,R-VER-L39,5.217,5.217,0.0,0.0,PASS_EXACT_OFFICIAL_SECTOR_ENDPOINTS,CONDITION_WARNING,WARNING_CROSS_SESSION_COMBINED_CONDITIONS|WARNING_DIFFERENT_COMPOUND|WARNING_TYRE_AGE_OUTSIDE_DEFAULT_SUPPORT
Q-PIA-L16,Q-VER-L17,-0.23,-0.23,0.0,0.0,PASS_EXACT_OFFICIAL_SECTOR_ENDPOINTS,COMPARABLE_DEFAULT,
Q-PIA-L16,Q-NOR-L16,-0.029,-0.029,0.0,0.0,PASS_EXACT_OFFICIAL_SECTOR_ENDPOINTS,COMPARABLE_DEFAULT,
Q-PIA-L16,Q-RUS-L17,0.208,0.208,0.0,0.0,PASS_EXACT_OFFICIAL_SECTOR_ENDPOINTS,COMPARABLE_DEFAULT,
Q-PIA-L16,Q-LEC-L17,0.293,0.293,0.0,0.0,PASS_EXACT_OFFICIAL_SECTOR_ENDPOINTS,COMPARABLE_DEFAULT,
Q-PIA-L16,R-LEC-L45,4.288,4.288,0.0,0.0,PASS_EXACT_OFFICIAL_SECTOR_ENDPOINTS,CONDITION_WARNING,WARNING_CROSS_SESSION_COMBINED_CONDITIONS|WARNING_DIFFERENT_COMPOUND|WARNING_TYRE_AGE_OUTSIDE_DEFAULT_SUPPORT
Q-PIA-L16,R-PIA-L44,4.328,4.328,0.0,0.0,PASS_EXACT_OFFICIAL_SECTOR_ENDPOINTS,CONDITION_WARNING,WARNING_CROSS_SESSION_COMBINED_CONDITIONS|WARNING_DIFFERENT_COMPOUND
Q-PIA-L16,R-NOR-L48,4.381,4.381,0.0,0.0,PASS_EXACT_OFFICIAL_SECTOR_ENDPOINTS,CONDITION_WARNING,WARNING_CROSS_SESSION_COMBINED_CONDITIONS|WARNING_DIFFERENT_COMPOUND|WARNING_TYRE_AGE_OUTSIDE_DEFAULT_SUPPORT
Q-PIA-L16,R-HUL-L46,4.613,4.613,0.0,0.0,PASS_EXACT_OFFICIAL_SECTOR_ENDPOINTS,CONDITION_WARNING,WARNING_CROSS_SESSION_COMBINED_CONDITIONS|WARNING_DIFFERENT_COMPOUND
Q-PIA-L16,R-VER-L39,5.188,5.188,0.0,0.0,PASS_EXACT_OFFICIAL_SECTOR_ENDPOINTS,CONDITION_WARNING,WARNING_CROSS_SESSION_COMBINED_CONDITIONS|WARNING_DIFFERENT_COMPOUND|WARNING_TYRE_AGE_OUTSIDE_DEFAULT_SUPPORT
Q-RUS-L17,Q-VER-L17,-0.438,-0.438,0.0,0.0,PASS_EXACT_OFFICIAL_SECTOR_ENDPOINTS,COMPARABLE_DEFAULT,
Q-RUS-L17,Q-NOR-L16,-0.237,-0.237,0.0,0.0,PASS_EXACT_OFFICIAL_SECTOR_ENDPOINTS,COMPARABLE_DEFAULT,
Q-RUS-L17,Q-PIA-L16,-0.208,-0.208,0.0,0.0,PASS_EXACT_OFFICIAL_SECTOR_ENDPOINTS,COMPARABLE_DEFAULT,
Q-RUS-L17,Q-LEC-L17,0.085,0.085,0.0,0.0,PASS_EXACT_OFFICIAL_SECTOR_ENDPOINTS,COMPARABLE_DEFAULT,
Q-RUS-L17,R-LEC-L45,4.08,4.08,0.0,0.0,PASS_EXACT_OFFICIAL_SECTOR_ENDPOINTS,CONDITION_WARNING,WARNING_CROSS_SESSION_COMBINED_CONDITIONS|WARNING_DIFFERENT_COMPOUND|WARNING_TYRE_AGE_OUTSIDE_DEFAULT_SUPPORT
Q-RUS-L17,R-PIA-L44,4.12,4.12,0.0,0.0,PASS_EXACT_OFFICIAL_SECTOR_ENDPOINTS,CONDITION_WARNING,WARNING_CROSS_SESSION_COMBINED_CONDITIONS|WARNING_DIFFERENT_COMPOUND
Q-RUS-L17,R-NOR-L48,4.173,4.173,0.0,0.0,PASS_EXACT_OFFICIAL_SECTOR_ENDPOINTS,CONDITION_WARNING,WARNING_CROSS_SESSION_COMBINED_CONDITIONS|WARNING_DIFFERENT_COMPOUND|WARNING_TYRE_AGE_OUTSIDE_DEFAULT_SUPPORT
Q-RUS-L17,R-HUL-L46,4.405,4.405,0.0,0.0,PASS_EXACT_OFFICIAL_SECTOR_ENDPOINTS,CONDITION_WARNING,WARNING_CROSS_SESSION_COMBINED_CONDITIONS|WARNING_DIFFERENT_COMPOUND
Q-RUS-L17,R-VER-L39,4.98,4.98,0.0,0.0,PASS_EXACT_OFFICIAL_SECTOR_ENDPOINTS,CONDITION_WARNING,WARNING_CROSS_SESSION_COMBINED_CONDITIONS|WARNING_DIFFERENT_COMPOUND|WARNING_TYRE_AGE_OUTSIDE_DEFAULT_SUPPORT
Q-LEC-L17,Q-VER-L17,-0.523,-0.523,0.0,0.0,PASS_EXACT_OFFICIAL_SECTOR_ENDPOINTS,COMPARABLE_DEFAULT,
Q-LEC-L17,Q-NOR-L16,-0.322,-0.322,0.0,0.0,PASS_EXACT_OFFICIAL_SECTOR_ENDPOINTS,COMPARABLE_DEFAULT,
Q-LEC-L17,Q-PIA-L16,-0.293,-0.293,0.0,0.0,PASS_EXACT_OFFICIAL_SECTOR_ENDPOINTS,COMPARABLE_DEFAULT,
Q-LEC-L17,Q-RUS-L17,-0.085,-0.085,0.0,0.0,PASS_EXACT_OFFICIAL_SECTOR_ENDPOINTS,COMPARABLE_DEFAULT,
Q-LEC-L17,R-LEC-L45,3.995,3.995,0.0,0.0,PASS_EXACT_OFFICIAL_SECTOR_ENDPOINTS,CONDITION_WARNING,WARNING_CROSS_SESSION_COMBINED_CONDITIONS|WARNING_DIFFERENT_COMPOUND|WARNING_TYRE_AGE_OUTSIDE_DEFAULT_SUPPORT
Q-LEC-L17,R-PIA-L44,4.035,4.035,0.0,0.0,PASS_EXACT_OFFICIAL_SECTOR_ENDPOINTS,CONDITION_WARNING,WARNING_CROSS_SESSION_COMBINED_CONDITIONS|WARNING_DIFFERENT_COMPOUND
Q-LEC-L17,R-NOR-L48,4.088,4.088,0.0,0.0,PASS_EXACT_OFFICIAL_SECTOR_ENDPOINTS,CONDITION_WARNING,WARNING_CROSS_SESSION_COMBINED_CONDITIONS|WARNING_DIFFERENT_COMPOUND|WARNING_TYRE_AGE_OUTSIDE_DEFAULT_SUPPORT
Q-LEC-L17,R-HUL-L46,4.32,4.32,0.0,0.0,PASS_EXACT_OFFICIAL_SECTOR_ENDPOINTS,CONDITION_WARNING,WARNING_CROSS_SESSION_COMBINED_CONDITIONS|WARNING_DIFFERENT_COMPOUND
Q-LEC-L17,R-VER-L39,4.895,4.895,0.0,0.0,PASS_EXACT_OFFICIAL_SECTOR_ENDPOINTS,CONDITION_WARNING,WARNING_CROSS_SESSION_COMBINED_CONDITIONS|WARNING_DIFFERENT_COMPOUND|WARNING_TYRE_AGE_OUTSIDE_DEFAULT_SUPPORT
R-LEC-L45,Q-VER-L17,-4.518,-4.518,0.0,0.0,PASS_EXACT_OFFICIAL_SECTOR_ENDPOINTS,CONDITION_WARNING,WARNING_CROSS_SESSION_COMBINED_CONDITIONS|WARNING_DIFFERENT_COMPOUND|WARNING_TYRE_AGE_OUTSIDE_DEFAULT_SUPPORT
R-LEC-L45,Q-NOR-L16,-4.317,-4.317,0.0,0.0,PASS_EXACT_OFFICIAL_SECTOR_ENDPOINTS,CONDITION_WARNING,WARNING_CROSS_SESSION_COMBINED_CONDITIONS|WARNING_DIFFERENT_COMPOUND|WARNING_TYRE_AGE_OUTSIDE_DEFAULT_SUPPORT
R-LEC-L45,Q-PIA-L16,-4.288,-4.288,0.0,0.0,PASS_EXACT_OFFICIAL_SECTOR_ENDPOINTS,CONDITION_WARNING,WARNING_CROSS_SESSION_COMBINED_CONDITIONS|WARNING_DIFFERENT_COMPOUND|WARNING_TYRE_AGE_OUTSIDE_DEFAULT_SUPPORT
R-LEC-L45,Q-RUS-L17,-4.08,-4.08,0.0,0.0,PASS_EXACT_OFFICIAL_SECTOR_ENDPOINTS,CONDITION_WARNING,WARNING_CROSS_SESSION_COMBINED_CONDITIONS|WARNING_DIFFERENT_COMPOUND|WARNING_TYRE_AGE_OUTSIDE_DEFAULT_SUPPORT
R-LEC-L45,Q-LEC-L17,-3.995,-3.995,0.0,0.0,PASS_EXACT_OFFICIAL_SECTOR_ENDPOINTS,CONDITION_WARNING,WARNING_CROSS_SESSION_COMBINED_CONDITIONS|WARNING_DIFFERENT_COMPOUND|WARNING_TYRE_AGE_OUTSIDE_DEFAULT_SUPPORT
R-LEC-L45,R-PIA-L44,0.04,0.04,0.0,0.0,PASS_EXACT_OFFICIAL_SECTOR_ENDPOINTS,CONDITION_WARNING,WARNING_TYRE_AGE_OUTSIDE_DEFAULT_SUPPORT
R-LEC-L45,R-NOR-L48,0.093,0.093,0.0,0.0,PASS_EXACT_OFFICIAL_SECTOR_ENDPOINTS,CONDITION_WARNING,WARNING_DIFFERENT_COMPOUND
R-LEC-L45,R-HUL-L46,0.325,0.325,0.0,0.0,PASS_EXACT_OFFICIAL_SECTOR_ENDPOINTS,CONDITION_WARNING,WARNING_TYRE_AGE_OUTSIDE_DEFAULT_SUPPORT
R-LEC-L45,R-VER-L39,0.9,0.9,0.0,0.0,PASS_EXACT_OFFICIAL_SECTOR_ENDPOINTS,CONDITION_WARNING,WARNING_DIFFERENT_COMPOUND|WARNING_TYRE_AGE_OUTSIDE_DEFAULT_SUPPORT
R-PIA-L44,Q-VER-L17,-4.558,-4.558,0.0,0.0,PASS_EXACT_OFFICIAL_SECTOR_ENDPOINTS,CONDITION_WARNING,WARNING_CROSS_SESSION_COMBINED_CONDITIONS|WARNING_DIFFERENT_COMPOUND
R-PIA-L44,Q-NOR-L16,-4.357,-4.357,0.0,0.0,PASS_EXACT_OFFICIAL_SECTOR_ENDPOINTS,CONDITION_WARNING,WARNING_CROSS_SESSION_COMBINED_CONDITIONS|WARNING_DIFFERENT_COMPOUND
R-PIA-L44,Q-PIA-L16,-4.328,-4.328,0.0,0.0,PASS_EXACT_OFFICIAL_SECTOR_ENDPOINTS,CONDITION_WARNING,WARNING_CROSS_SESSION_COMBINED_CONDITIONS|WARNING_DIFFERENT_COMPOUND
R-PIA-L44,Q-RUS-L17,-4.12,-4.12,0.0,0.0,PASS_EXACT_OFFICIAL_SECTOR_ENDPOINTS,CONDITION_WARNING,WARNING_CROSS_SESSION_COMBINED_CONDITIONS|WARNING_DIFFERENT_COMPOUND
R-PIA-L44,Q-LEC-L17,-4.035,-4.035,0.0,0.0,PASS_EXACT_OFFICIAL_SECTOR_ENDPOINTS,CONDITION_WARNING,WARNING_CROSS_SESSION_COMBINED_CONDITIONS|WARNING_DIFFERENT_COMPOUND
R-PIA-L44,R-LEC-L45,-0.04,-0.04,0.0,0.0,PASS_EXACT_OFFICIAL_SECTOR_ENDPOINTS,CONDITION_WARNING,WARNING_TYRE_AGE_OUTSIDE_DEFAULT_SUPPORT
R-PIA-L44,R-NOR-L48,0.053,0.053,0.0,0.0,PASS_EXACT_OFFICIAL_SECTOR_ENDPOINTS,CONDITION_WARNING,WARNING_DIFFERENT_COMPOUND|WARNING_TYRE_AGE_OUTSIDE_DEFAULT_SUPPORT
R-PIA-L44,R-HUL-L46,0.285,0.285,0.0,0.0,PASS_EXACT_OFFICIAL_SECTOR_ENDPOINTS,COMPARABLE_DEFAULT,
R-PIA-L44,R-VER-L39,0.86,0.86,0.0,0.0,PASS_EXACT_OFFICIAL_SECTOR_ENDPOINTS,CONDITION_WARNING,WARNING_DIFFERENT_COMPOUND|WARNING_TYRE_AGE_OUTSIDE_DEFAULT_SUPPORT
R-NOR-L48,Q-VER-L17,-4.611,-4.611,0.0,0.0,PASS_EXACT_OFFICIAL_SECTOR_ENDPOINTS,CONDITION_WARNING,WARNING_CROSS_SESSION_COMBINED_CONDITIONS|WARNING_DIFFERENT_COMPOUND|WARNING_TYRE_AGE_OUTSIDE_DEFAULT_SUPPORT
R-NOR-L48,Q-NOR-L16,-4.41,-4.41,0.0,0.0,PASS_EXACT_OFFICIAL_SECTOR_ENDPOINTS,CONDITION_WARNING,WARNING_CROSS_SESSION_COMBINED_CONDITIONS|WARNING_DIFFERENT_COMPOUND|WARNING_TYRE_AGE_OUTSIDE_DEFAULT_SUPPORT
R-NOR-L48,Q-PIA-L16,-4.381,-4.381,0.0,0.0,PASS_EXACT_OFFICIAL_SECTOR_ENDPOINTS,CONDITION_WARNING,WARNING_CROSS_SESSION_COMBINED_CONDITIONS|WARNING_DIFFERENT_COMPOUND|WARNING_TYRE_AGE_OUTSIDE_DEFAULT_SUPPORT
R-NOR-L48,Q-RUS-L17,-4.173,-4.173,0.0,0.0,PASS_EXACT_OFFICIAL_SECTOR_ENDPOINTS,CONDITION_WARNING,WARNING_CROSS_SESSION_COMBINED_CONDITIONS|WARNING_DIFFERENT_COMPOUND|WARNING_TYRE_AGE_OUTSIDE_DEFAULT_SUPPORT
R-NOR-L48,Q-LEC-L17,-4.088,-4.088,0.0,0.0,PASS_EXACT_OFFICIAL_SECTOR_ENDPOINTS,CONDITION_WARNING,WARNING_CROSS_SESSION_COMBINED_CONDITIONS|WARNING_DIFFERENT_COMPOUND|WARNING_TYRE_AGE_OUTSIDE_DEFAULT_SUPPORT
R-NOR-L48,R-LEC-L45,-0.093,-0.093,0.0,0.0,PASS_EXACT_OFFICIAL_SECTOR_ENDPOINTS,CONDITION_WARNING,WARNING_DIFFERENT_COMPOUND
R-NOR-L48,R-PIA-L44,-0.053,-0.053,0.0,0.0,PASS_EXACT_OFFICIAL_SECTOR_ENDPOINTS,CONDITION_WARNING,WARNING_DIFFERENT_COMPOUND|WARNING_TYRE_AGE_OUTSIDE_DEFAULT_SUPPORT
R-NOR-L48,R-HUL-L46,0.232,0.232,0.0,0.0,PASS_EXACT_OFFICIAL_SECTOR_ENDPOINTS,CONDITION_WARNING,WARNING_DIFFERENT_COMPOUND|WARNING_TYRE_AGE_OUTSIDE_DEFAULT_SUPPORT
R-NOR-L48,R-VER-L39,0.807,0.807,0.0,0.0,PASS_EXACT_OFFICIAL_SECTOR_ENDPOINTS,CONDITION_WARNING,WARNING_TYRE_AGE_OUTSIDE_DEFAULT_SUPPORT
R-HUL-L46,Q-VER-L17,-4.843,-4.843,0.0,0.0,PASS_EXACT_OFFICIAL_SECTOR_ENDPOINTS,CONDITION_WARNING,WARNING_CROSS_SESSION_COMBINED_CONDITIONS|WARNING_DIFFERENT_COMPOUND
R-HUL-L46,Q-NOR-L16,-4.642,-4.642,0.0,0.0,PASS_EXACT_OFFICIAL_SECTOR_ENDPOINTS,CONDITION_WARNING,WARNING_CROSS_SESSION_COMBINED_CONDITIONS|WARNING_DIFFERENT_COMPOUND
R-HUL-L46,Q-PIA-L16,-4.613,-4.613,0.0,0.0,PASS_EXACT_OFFICIAL_SECTOR_ENDPOINTS,CONDITION_WARNING,WARNING_CROSS_SESSION_COMBINED_CONDITIONS|WARNING_DIFFERENT_COMPOUND
R-HUL-L46,Q-RUS-L17,-4.405,-4.405,0.0,0.0,PASS_EXACT_OFFICIAL_SECTOR_ENDPOINTS,CONDITION_WARNING,WARNING_CROSS_SESSION_COMBINED_CONDITIONS|WARNING_DIFFERENT_COMPOUND
R-HUL-L46,Q-LEC-L17,-4.32,-4.32,0.0,0.0,PASS_EXACT_OFFICIAL_SECTOR_ENDPOINTS,CONDITION_WARNING,WARNING_CROSS_SESSION_COMBINED_CONDITIONS|WARNING_DIFFERENT_COMPOUND
R-HUL-L46,R-LEC-L45,-0.325,-0.325,0.0,0.0,PASS_EXACT_OFFICIAL_SECTOR_ENDPOINTS,CONDITION_WARNING,WARNING_TYRE_AGE_OUTSIDE_DEFAULT_SUPPORT
R-HUL-L46,R-PIA-L44,-0.285,-0.285,0.0,0.0,PASS_EXACT_OFFICIAL_SECTOR_ENDPOINTS,COMPARABLE_DEFAULT,
R-HUL-L46,R-NOR-L48,-0.232,-0.232,0.0,0.0,PASS_EXACT_OFFICIAL_SECTOR_ENDPOINTS,CONDITION_WARNING,WARNING_DIFFERENT_COMPOUND|WARNING_TYRE_AGE_OUTSIDE_DEFAULT_SUPPORT
R-HUL-L46,R-VER-L39,0.575,0.575,0.0,0.0,PASS_EXACT_OFFICIAL_SECTOR_ENDPOINTS,CONDITION_WARNING,WARNING_DIFFERENT_COMPOUND|WARNING_TYRE_AGE_OUTSIDE_DEFAULT_SUPPORT
R-VER-L39,Q-VER-L17,-5.418,-5.418,0.0,0.0,PASS_EXACT_OFFICIAL_SECTOR_ENDPOINTS,CONDITION_WARNING,WARNING_CROSS_SESSION_COMBINED_CONDITIONS|WARNING_DIFFERENT_COMPOUND|WARNING_TYRE_AGE_OUTSIDE_DEFAULT_SUPPORT
R-VER-L39,Q-NOR-L16,-5.217,-5.217,0.0,0.0,PASS_EXACT_OFFICIAL_SECTOR_ENDPOINTS,CONDITION_WARNING,WARNING_CROSS_SESSION_COMBINED_CONDITIONS|WARNING_DIFFERENT_COMPOUND|WARNING_TYRE_AGE_OUTSIDE_DEFAULT_SUPPORT
R-VER-L39,Q-PIA-L16,-5.188,-5.188,0.0,0.0,PASS_EXACT_OFFICIAL_SECTOR_ENDPOINTS,CONDITION_WARNING,WARNING_CROSS_SESSION_COMBINED_CONDITIONS|WARNING_DIFFERENT_COMPOUND|WARNING_TYRE_AGE_OUTSIDE_DEFAULT_SUPPORT
R-VER-L39,Q-RUS-L17,-4.98,-4.98,0.0,0.0,PASS_EXACT_OFFICIAL_SECTOR_ENDPOINTS,CONDITION_WARNING,WARNING_CROSS_SESSION_COMBINED_CONDITIONS|WARNING_DIFFERENT_COMPOUND|WARNING_TYRE_AGE_OUTSIDE_DEFAULT_SUPPORT
R-VER-L39,Q-LEC-L17,-4.895,-4.895,0.0,0.0,PASS_EXACT_OFFICIAL_SECTOR_ENDPOINTS,CONDITION_WARNING,WARNING_CROSS_SESSION_COMBINED_CONDITIONS|WARNING_DIFFERENT_COMPOUND|WARNING_TYRE_AGE_OUTSIDE_DEFAULT_SUPPORT
R-VER-L39,R-LEC-L45,-0.9,-0.9,0.0,0.0,PASS_EXACT_OFFICIAL_SECTOR_ENDPOINTS,CONDITION_WARNING,WARNING_DIFFERENT_COMPOUND|WARNING_TYRE_AGE_OUTSIDE_DEFAULT_SUPPORT
R-VER-L39,R-PIA-L44,-0.86,-0.86,0.0,0.0,PASS_EXACT_OFFICIAL_SECTOR_ENDPOINTS,CONDITION_WARNING,WARNING_DIFFERENT_COMPOUND|WARNING_TYRE_AGE_OUTSIDE_DEFAULT_SUPPORT
R-VER-L39,R-NOR-L48,-0.807,-0.807,0.0,0.0,PASS_EXACT_OFFICIAL_SECTOR_ENDPOINTS,CONDITION_WARNING,WARNING_TYRE_AGE_OUTSIDE_DEFAULT_SUPPORT
R-VER-L39,R-HUL-L46,-0.575,-0.575,0.0,0.0,PASS_EXACT_OFFICIAL_SECTOR_ENDPOINTS,CONDITION_WARNING,WARNING_DIFFERENT_COMPOUND|WARNING_TYRE_AGE_OUTSIDE_DEFAULT_SUPPORT
