axis,x,y,source_points,role
0.0,588.692,2082.268,617,local_frozen_track_geometry_linked_by_relative_distance
0.0025,697.809,2095.745,617,local_frozen_track_geometry_linked_by_relative_distance
0.005,828.081,2111.482,617,local_frozen_track_geometry_linked_by_relative_distance
0.0075,955.851,2126.064,617,local_frozen_track_geometry_linked_by_relative_distance
0.01,1065.502,2138.045,617,local_frozen_track_geometry_linked_by_relative_distance
0.0125,1268.797,2160.579,617,local_frozen_track_geometry_linked_by_relative_distance
0.015,1440.271,2179.804,617,local_frozen_track_geometry_linked_by_relative_distance
0.0175,1490.984,2185.801,617,local_frozen_track_geometry_linked_by_relative_distance
0.02,1597.693,2198.35,617,local_frozen_track_geometry_linked_by_relative_distance
0.0225,1729.294,2213.503,617,local_frozen_track_geometry_linked_by_relative_distance
0.025,1856.935,2227.862,617,local_frozen_track_geometry_linked_by_relative_distance
0.0275,1983.492,2241.776,617,local_frozen_track_geometry_linked_by_relative_distance
0.03,2112.229,2256.079,617,local_frozen_track_geometry_linked_by_relative_distance
0.0325,2241.736,2270.91,617,local_frozen_track_geometry_linked_by_relative_distance
0.035,2366.379,2285.483,617,local_frozen_track_geometry_linked_by_relative_distance
0.0375,2534.938,2304.474,617,local_frozen_track_geometry_linked_by_relative_distance
0.04,2741.718,2327.564,617,local_frozen_track_geometry_linked_by_relative_distance
0.0425,2815.909,2335.949,617,local_frozen_track_geometry_linked_by_relative_distance
0.045,2890.1,2344.333,617,local_frozen_track_geometry_linked_by_relative_distance
0.0475,3084.123,2366.184,617,local_frozen_track_geometry_linked_by_relative_distance
0.05,3258.176,2385.776,617,local_frozen_track_geometry_linked_by_relative_distance
0.0525,3318.725,2392.652,617,local_frozen_track_geometry_linked_by_relative_distance
0.055,3389.882,2400.774,617,local_frozen_track_geometry_linked_by_relative_distance
0.0575,3528.008,2415.372,617,local_frozen_track_geometry_linked_by_relative_distance
0.06,3717.824,2433.063,617,local_frozen_track_geometry_linked_by_relative_distance
0.0625,3900.812,2446.156,617,local_frozen_track_geometry_linked_by_relative_distance
0.065,3956.316,2449.63,617,local_frozen_track_geometry_linked_by_relative_distance
0.0675,4101.85,2507.575,617,local_frozen_track_geometry_linked_by_relative_distance
0.07,4214.816,2567.753,617,local_frozen_track_geometry_linked_by_relative_distance
0.0725,4279.726,2629.633,617,local_frozen_track_geometry_linked_by_relative_distance
0.075,4349.33,2742.321,617,local_frozen_track_geometry_linked_by_relative_distance
0.0775,4383.036,2876.327,617,local_frozen_track_geometry_linked_by_relative_distance
0.08,4396.327,3050.343,617,local_frozen_track_geometry_linked_by_relative_distance
0.0825,4395.732,3152.206,617,local_frozen_track_geometry_linked_by_relative_distance
0.085,4389.922,3258.157,617,local_frozen_track_geometry_linked_by_relative_distance
0.0875,4376.07,3386.805,617,local_frozen_track_geometry_linked_by_relative_distance
0.09,4357.598,3515.606,617,local_frozen_track_geometry_linked_by_relative_distance
0.0925,4336.245,3640.167,617,local_frozen_track_geometry_linked_by_relative_distance
0.095,4311.488,3767.492,617,local_frozen_track_geometry_linked_by_relative_distance
0.0975,4284.736,3893.879,617,local_frozen_track_geometry_linked_by_relative_distance
0.1,4246.864,4053.11,617,local_frozen_track_geometry_linked_by_relative_distance
0.1025,4208.77,4203.456,617,local_frozen_track_geometry_linked_by_relative_distance
0.105,4173.519,4330.534,617,local_frozen_track_geometry_linked_by_relative_distance
0.1075,4131.043,4473.866,617,local_frozen_track_geometry_linked_by_relative_distance
0.11,4089.428,4608.99,617,local_frozen_track_geometry_linked_by_relative_distance
0.1125,4058.958,4700.031,617,local_frozen_track_geometry_linked_by_relative_distance
0.115,4034.867,4761.573,617,local_frozen_track_geometry_linked_by_relative_distance
0.1175,3985.809,4868.063,617,local_frozen_track_geometry_linked_by_relative_distance
0.12,3920.219,4987.208,617,local_frozen_track_geometry_linked_by_relative_distance
0.1225,3838.306,5083.694,617,local_frozen_track_geometry_linked_by_relative_distance
0.125,3737.864,5164.886,617,local_frozen_track_geometry_linked_by_relative_distance
0.1275,3625.529,5233.434,617,local_frozen_track_geometry_linked_by_relative_distance
0.13,3502.909,5286.101,617,local_frozen_track_geometry_linked_by_relative_distance
0.1325,3375.657,5327.923,617,local_frozen_track_geometry_linked_by_relative_distance
0.135,3249.592,5367.774,617,local_frozen_track_geometry_linked_by_relative_distance
0.1375,3125.56,5408.155,617,local_frozen_track_geometry_linked_by_relative_distance
0.14,2954.342,5468.352,617,local_frozen_track_geometry_linked_by_relative_distance
0.1425,2792.539,5526.558,617,local_frozen_track_geometry_linked_by_relative_distance
0.145,2701.378,5559.744,617,local_frozen_track_geometry_linked_by_relative_distance
0.1475,2646.056,5591.335,617,local_frozen_track_geometry_linked_by_relative_distance
0.15,2546.606,5668.674,617,local_frozen_track_geometry_linked_by_relative_distance
0.1525,2449.577,5760.334,617,local_frozen_track_geometry_linked_by_relative_distance
0.155,2357.47,5873.944,617,local_frozen_track_geometry_linked_by_relative_distance
0.1575,2275.012,6001.562,617,local_frozen_track_geometry_linked_by_relative_distance
0.16,2220.567,6117.054,617,local_frozen_track_geometry_linked_by_relative_distance
0.1625,2178.666,6239.959,617,local_frozen_track_geometry_linked_by_relative_distance
0.165,2152.24,6422.111,617,local_frozen_track_geometry_linked_by_relative_distance
0.1675,2142.854,6562.149,617,local_frozen_track_geometry_linked_by_relative_distance
0.17,2147.383,6650.467,617,local_frozen_track_geometry_linked_by_relative_distance
0.1725,2159.195,6765.951,617,local_frozen_track_geometry_linked_by_relative_distance
0.175,2176.038,6896.037,617,local_frozen_track_geometry_linked_by_relative_distance
0.1775,2195.568,7024.589,617,local_frozen_track_geometry_linked_by_relative_distance
0.18,2223.079,7190.612,617,local_frozen_track_geometry_linked_by_relative_distance
0.1825,2252.179,7362.66,617,local_frozen_track_geometry_linked_by_relative_distance
0.185,2269.162,7461.186,617,local_frozen_track_geometry_linked_by_relative_distance
0.1875,2284.374,7546.606,617,local_frozen_track_geometry_linked_by_relative_distance
0.19,2307.238,7670.952,617,local_frozen_track_geometry_linked_by_relative_distance
0.1925,2329.927,7799.521,617,local_frozen_track_geometry_linked_by_relative_distance
0.195,2351.965,7927.793,617,local_frozen_track_geometry_linked_by_relative_distance
0.1975,2374.222,8079.562,617,local_frozen_track_geometry_linked_by_relative_distance
0.2,2397.647,8278.131,617,local_frozen_track_geometry_linked_by_relative_distance
0.2025,2409.446,8394.701,617,local_frozen_track_geometry_linked_by_relative_distance
0.205,2414.274,8468.177,617,local_frozen_track_geometry_linked_by_relative_distance
0.2075,2416.69,8563.514,617,local_frozen_track_geometry_linked_by_relative_distance
0.21,2419.305,8703.741,617,local_frozen_track_geometry_linked_by_relative_distance
0.2125,2420.0,8836.913,617,local_frozen_track_geometry_linked_by_relative_distance
0.215,2419.316,8965.583,617,local_frozen_track_geometry_linked_by_relative_distance
0.2175,2415.841,9144.679,617,local_frozen_track_geometry_linked_by_relative_distance
0.22,2410.685,9322.685,617,local_frozen_track_geometry_linked_by_relative_distance
0.2225,2407.508,9400.194,617,local_frozen_track_geometry_linked_by_relative_distance
0.225,2404.084,9468.152,617,local_frozen_track_geometry_linked_by_relative_distance
0.2275,2398.513,9592.846,617,local_frozen_track_geometry_linked_by_relative_distance
0.23,2390.787,9741.696,617,local_frozen_track_geometry_linked_by_relative_distance
0.2325,2378.741,9916.444,617,local_frozen_track_geometry_linked_by_relative_distance
0.235,2366.219,10081.409,617,local_frozen_track_geometry_linked_by_relative_distance
0.2375,2355.369,10223.143,617,local_frozen_track_geometry_linked_by_relative_distance
0.24,2346.936,10333.875,617,local_frozen_track_geometry_linked_by_relative_distance
0.2425,2340.783,10416.449,617,local_frozen_track_geometry_linked_by_relative_distance
0.245,2329.725,10545.929,617,local_frozen_track_geometry_linked_by_relative_distance
0.2475,2311.264,10748.577,617,local_frozen_track_geometry_linked_by_relative_distance
0.25,2298.252,10884.433,617,local_frozen_track_geometry_linked_by_relative_distance
0.2525,2289.66,10966.396,617,local_frozen_track_geometry_linked_by_relative_distance
0.255,2276.254,11057.239,617,local_frozen_track_geometry_linked_by_relative_distance
0.2575,2256.077,11185.487,617,local_frozen_track_geometry_linked_by_relative_distance
0.26,2224.85,11323.535,617,local_frozen_track_geometry_linked_by_relative_distance
0.2625,2180.173,11453.603,617,local_frozen_track_geometry_linked_by_relative_distance
0.265,2117.707,11573.623,617,local_frozen_track_geometry_linked_by_relative_distance
0.2675,2016.073,11692.724,617,local_frozen_track_geometry_linked_by_relative_distance
0.27,1883.072,11761.478,617,local_frozen_track_geometry_linked_by_relative_distance
0.2725,1787.798,11776.087,617,local_frozen_track_geometry_linked_by_relative_distance
0.275,1650.939,11722.235,617,local_frozen_track_geometry_linked_by_relative_distance
0.2775,1564.259,11657.011,617,local_frozen_track_geometry_linked_by_relative_distance
0.28,1438.176,11499.288,617,local_frozen_track_geometry_linked_by_relative_distance
0.2825,1403.911,11423.941,617,local_frozen_track_geometry_linked_by_relative_distance
0.285,1370.402,11342.44,617,local_frozen_track_geometry_linked_by_relative_distance
0.2875,1327.578,11220.581,617,local_frozen_track_geometry_linked_by_relative_distance
0.29,1288.205,11098.276,617,local_frozen_track_geometry_linked_by_relative_distance
0.2925,1243.574,10955.049,617,local_frozen_track_geometry_linked_by_relative_distance
0.295,1208.511,10842.367,617,local_frozen_track_geometry_linked_by_relative_distance
0.2975,1175.81,10737.877,617,local_frozen_track_geometry_linked_by_relative_distance
0.3,1138.65,10620.749,617,local_frozen_track_geometry_linked_by_relative_distance
0.3025,1092.199,10472.829,617,local_frozen_track_geometry_linked_by_relative_distance
0.305,1040.055,10304.742,617,local_frozen_track_geometry_linked_by_relative_distance
0.3075,1005.849,10196.047,617,local_frozen_track_geometry_linked_by_relative_distance
0.31,979.337,10113.2,617,local_frozen_track_geometry_linked_by_relative_distance
0.3125,944.631,10003.929,617,local_frozen_track_geometry_linked_by_relative_distance
0.315,889.52,9831.162,617,local_frozen_track_geometry_linked_by_relative_distance
0.3175,844.568,9693.618,617,local_frozen_track_geometry_linked_by_relative_distance
0.32,805.06,9575.531,617,local_frozen_track_geometry_linked_by_relative_distance
0.3225,764.721,9459.355,617,local_frozen_track_geometry_linked_by_relative_distance
0.325,720.355,9333.083,617,local_frozen_track_geometry_linked_by_relative_distance
0.3275,678.373,9213.906,617,local_frozen_track_geometry_linked_by_relative_distance
0.33,646.191,9121.773,617,local_frozen_track_geometry_linked_by_relative_distance
0.3325,612.317,9024.145,617,local_frozen_track_geometry_linked_by_relative_distance
0.335,570.009,8902.477,617,local_frozen_track_geometry_linked_by_relative_distance
0.3375,527.224,8780.339,617,local_frozen_track_geometry_linked_by_relative_distance
0.34,475.342,8633.275,617,local_frozen_track_geometry_linked_by_relative_distance
0.3425,425.765,8492.627,617,local_frozen_track_geometry_linked_by_relative_distance
0.345,386.402,8380.309,617,local_frozen_track_geometry_linked_by_relative_distance
0.3475,352.651,8283.383,617,local_frozen_track_geometry_linked_by_relative_distance
0.35,312.953,8169.335,617,local_frozen_track_geometry_linked_by_relative_distance
0.3525,270.949,8048.721,617,local_frozen_track_geometry_linked_by_relative_distance
0.355,228.945,7928.108,617,local_frozen_track_geometry_linked_by_relative_distance
0.3575,186.941,7807.494,617,local_frozen_track_geometry_linked_by_relative_distance
0.36,144.157,7685.404,617,local_frozen_track_geometry_linked_by_relative_distance
0.3625,100.775,7562.611,617,local_frozen_track_geometry_linked_by_relative_distance
0.365,57.667,7440.213,617,local_frozen_track_geometry_linked_by_relative_distance
0.3675,6.77,7292.833,617,local_frozen_track_geometry_linked_by_relative_distance
0.37,-47.995,7135.017,617,local_frozen_track_geometry_linked_by_relative_distance
0.3725,-96.791,6994.705,617,local_frozen_track_geometry_linked_by_relative_distance
0.375,-137.713,6877.327,617,local_frozen_track_geometry_linked_by_relative_distance
0.3775,-178.635,6759.95,617,local_frozen_track_geometry_linked_by_relative_distance
0.38,-221.487,6638.192,617,local_frozen_track_geometry_linked_by_relative_distance
0.3825,-265.082,6514.626,617,local_frozen_track_geometry_linked_by_relative_distance
0.385,-305.823,6398.732,617,local_frozen_track_geometry_linked_by_relative_distance
0.3875,-339.62,6301.473,617,local_frozen_track_geometry_linked_by_relative_distance
0.39,-374.231,6201.769,617,local_frozen_track_geometry_linked_by_relative_distance
0.3925,-414.506,6086.684,617,local_frozen_track_geometry_linked_by_relative_distance
0.395,-456.329,5967.825,617,local_frozen_track_geometry_linked_by_relative_distance
0.3975,-500.303,5842.719,617,local_frozen_track_geometry_linked_by_relative_distance
0.4,-572.193,5635.894,617,local_frozen_track_geometry_linked_by_relative_distance
0.4025,-633.712,5459.202,617,local_frozen_track_geometry_linked_by_relative_distance
0.405,-680.614,5325.037,617,local_frozen_track_geometry_linked_by_relative_distance
0.4075,-707.039,5250.098,617,local_frozen_track_geometry_linked_by_relative_distance
0.41,-729.847,5185.434,617,local_frozen_track_geometry_linked_by_relative_distance
0.4125,-746.302,5138.803,617,local_frozen_track_geometry_linked_by_relative_distance
0.415,-769.111,5073.706,617,local_frozen_track_geometry_linked_by_relative_distance
0.4175,-809.035,4959.259,617,local_frozen_track_geometry_linked_by_relative_distance
0.42,-851.381,4837.654,617,local_frozen_track_geometry_linked_by_relative_distance
0.4225,-898.763,4702.072,617,local_frozen_track_geometry_linked_by_relative_distance
0.425,-952.101,4550.157,617,local_frozen_track_geometry_linked_by_relative_distance
0.4275,-1004.354,4401.347,617,local_frozen_track_geometry_linked_by_relative_distance
0.43,-1039.354,4300.6,617,local_frozen_track_geometry_linked_by_relative_distance
0.4325,-1071.467,4208.105,617,local_frozen_track_geometry_linked_by_relative_distance
0.435,-1109.906,4098.268,617,local_frozen_track_geometry_linked_by_relative_distance
0.4375,-1153.345,3974.568,617,local_frozen_track_geometry_linked_by_relative_distance
0.44,-1196.591,3851.24,617,local_frozen_track_geometry_linked_by_relative_distance
0.4425,-1240.337,3728.361,617,local_frozen_track_geometry_linked_by_relative_distance
0.445,-1284.845,3605.686,617,local_frozen_track_geometry_linked_by_relative_distance
0.4475,-1329.664,3482.882,617,local_frozen_track_geometry_linked_by_relative_distance
0.45,-1377.096,3352.545,617,local_frozen_track_geometry_linked_by_relative_distance
0.4525,-1425.3,3219.899,617,local_frozen_track_geometry_linked_by_relative_distance
0.455,-1466.79,3106.186,617,local_frozen_track_geometry_linked_by_relative_distance
0.4575,-1508.469,2991.982,617,local_frozen_track_geometry_linked_by_relative_distance
0.46,-1553.218,2869.101,617,local_frozen_track_geometry_linked_by_relative_distance
0.4625,-1594.709,2754.717,617,local_frozen_track_geometry_linked_by_relative_distance
0.465,-1643.018,2621.46,617,local_frozen_track_geometry_linked_by_relative_distance
0.4675,-1712.692,2430.294,617,local_frozen_track_geometry_linked_by_relative_distance
0.47,-1777.256,2257.077,617,local_frozen_track_geometry_linked_by_relative_distance
0.4725,-1830.732,2116.423,617,local_frozen_track_geometry_linked_by_relative_distance
0.475,-1883.498,1976.321,617,local_frozen_track_geometry_linked_by_relative_distance
0.4775,-1935.787,1832.253,617,local_frozen_track_geometry_linked_by_relative_distance
0.48,-1983.926,1698.095,617,local_frozen_track_geometry_linked_by_relative_distance
0.4825,-2022.945,1588.284,617,local_frozen_track_geometry_linked_by_relative_distance
0.485,-2049.87,1511.753,617,local_frozen_track_geometry_linked_by_relative_distance
0.4875,-2080.495,1417.26,617,local_frozen_track_geometry_linked_by_relative_distance
0.49,-2142.692,1212.687,617,local_frozen_track_geometry_linked_by_relative_distance
0.4925,-2160.392,1141.894,617,local_frozen_track_geometry_linked_by_relative_distance
0.495,-2186.511,1005.72,617,local_frozen_track_geometry_linked_by_relative_distance
0.4975,-2195.626,868.806,617,local_frozen_track_geometry_linked_by_relative_distance
0.5,-2174.639,697.544,617,local_frozen_track_geometry_linked_by_relative_distance
0.5025,-2128.29,613.592,617,local_frozen_track_geometry_linked_by_relative_distance
0.505,-2004.29,570.611,617,local_frozen_track_geometry_linked_by_relative_distance
0.5075,-1894.854,586.428,617,local_frozen_track_geometry_linked_by_relative_distance
0.51,-1745.434,608.832,617,local_frozen_track_geometry_linked_by_relative_distance
0.5125,-1635.055,595.331,617,local_frozen_track_geometry_linked_by_relative_distance
0.515,-1529.87,513.511,617,local_frozen_track_geometry_linked_by_relative_distance
0.5175,-1461.965,385.534,617,local_frozen_track_geometry_linked_by_relative_distance
0.52,-1430.927,291.298,617,local_frozen_track_geometry_linked_by_relative_distance
0.5225,-1394.727,152.048,617,local_frozen_track_geometry_linked_by_relative_distance
0.525,-1368.347,44.293,617,local_frozen_track_geometry_linked_by_relative_distance
0.5275,-1332.611,-103.201,617,local_frozen_track_geometry_linked_by_relative_distance
0.53,-1310.609,-189.78,617,local_frozen_track_geometry_linked_by_relative_distance
0.5325,-1281.623,-295.662,617,local_frozen_track_geometry_linked_by_relative_distance
0.535,-1244.375,-419.677,617,local_frozen_track_geometry_linked_by_relative_distance
0.5375,-1202.933,-536.763,617,local_frozen_track_geometry_linked_by_relative_distance
0.54,-1157.51,-653.424,617,local_frozen_track_geometry_linked_by_relative_distance
0.5425,-1103.602,-776.244,617,local_frozen_track_geometry_linked_by_relative_distance
0.545,-1039.883,-909.7,617,local_frozen_track_geometry_linked_by_relative_distance
0.5475,-975.648,-1020.907,617,local_frozen_track_geometry_linked_by_relative_distance
0.55,-905.618,-1134.903,617,local_frozen_track_geometry_linked_by_relative_distance
0.5525,-833.087,-1245.017,617,local_frozen_track_geometry_linked_by_relative_distance
0.555,-757.276,-1350.767,617,local_frozen_track_geometry_linked_by_relative_distance
0.5575,-686.893,-1444.261,617,local_frozen_track_geometry_linked_by_relative_distance
0.56,-598.554,-1551.175,617,local_frozen_track_geometry_linked_by_relative_distance
0.5625,-456.171,-1706.631,617,local_frozen_track_geometry_linked_by_relative_distance
0.565,-363.767,-1803.037,617,local_frozen_track_geometry_linked_by_relative_distance
0.5675,-311.93,-1851.132,617,local_frozen_track_geometry_linked_by_relative_distance
0.57,-238.398,-1917.796,617,local_frozen_track_geometry_linked_by_relative_distance
0.5725,-108.189,-2033.097,617,local_frozen_track_geometry_linked_by_relative_distance
0.575,31.277,-2152.948,617,local_frozen_track_geometry_linked_by_relative_distance
0.5775,82.025,-2195.976,617,local_frozen_track_geometry_linked_by_relative_distance
0.58,149.41,-2252.662,617,local_frozen_track_geometry_linked_by_relative_distance
0.5825,244.867,-2332.646,617,local_frozen_track_geometry_linked_by_relative_distance
0.585,354.615,-2424.726,617,local_frozen_track_geometry_linked_by_relative_distance
0.5875,454.04,-2508.663,617,local_frozen_track_geometry_linked_by_relative_distance
0.59,570.989,-2608.112,617,local_frozen_track_geometry_linked_by_relative_distance
0.5925,669.672,-2691.208,617,local_frozen_track_geometry_linked_by_relative_distance
0.595,757.256,-2764.445,617,local_frozen_track_geometry_linked_by_relative_distance
0.5975,850.494,-2843.944,617,local_frozen_track_geometry_linked_by_relative_distance
0.6,942.102,-2922.228,617,local_frozen_track_geometry_linked_by_relative_distance
0.6025,1035.984,-3001.496,617,local_frozen_track_geometry_linked_by_relative_distance
0.605,1203.538,-3142.078,617,local_frozen_track_geometry_linked_by_relative_distance
0.6075,1305.15,-3227.875,617,local_frozen_track_geometry_linked_by_relative_distance
0.61,1369.589,-3282.717,617,local_frozen_track_geometry_linked_by_relative_distance
0.6125,1455.48,-3355.245,617,local_frozen_track_geometry_linked_by_relative_distance
0.615,1610.579,-3484.93,617,local_frozen_track_geometry_linked_by_relative_distance
0.6175,1749.606,-3600.776,617,local_frozen_track_geometry_linked_by_relative_distance
0.62,1866.87,-3697.591,617,local_frozen_track_geometry_linked_by_relative_distance
0.6225,1964.32,-3776.003,617,local_frozen_track_geometry_linked_by_relative_distance
0.625,2064.038,-3854.63,617,local_frozen_track_geometry_linked_by_relative_distance
0.6275,2167.366,-3933.637,617,local_frozen_track_geometry_linked_by_relative_distance
0.63,2273.49,-4011.311,617,local_frozen_track_geometry_linked_by_relative_distance
0.6325,2378.012,-4084.441,617,local_frozen_track_geometry_linked_by_relative_distance
0.635,2478.843,-4153.01,617,local_frozen_track_geometry_linked_by_relative_distance
0.6375,2571.889,-4215.952,617,local_frozen_track_geometry_linked_by_relative_distance
0.64,2645.776,-4264.924,617,local_frozen_track_geometry_linked_by_relative_distance
0.6425,2716.904,-4310.346,617,local_frozen_track_geometry_linked_by_relative_distance
0.645,2827.645,-4376.948,617,local_frozen_track_geometry_linked_by_relative_distance
0.6475,2973.949,-4462.167,617,local_frozen_track_geometry_linked_by_relative_distance
0.65,3114.413,-4538.886,617,local_frozen_track_geometry_linked_by_relative_distance
0.6525,3236.695,-4599.537,617,local_frozen_track_geometry_linked_by_relative_distance
0.655,3352.687,-4655.346,617,local_frozen_track_geometry_linked_by_relative_distance
0.6575,3450.068,-4700.001,617,local_frozen_track_geometry_linked_by_relative_distance
0.66,3540.135,-4740.049,617,local_frozen_track_geometry_linked_by_relative_distance
0.6625,3640.201,-4784.317,617,local_frozen_track_geometry_linked_by_relative_distance
0.665,3759.5,-4837.305,617,local_frozen_track_geometry_linked_by_relative_distance
0.6675,3878.576,-4889.564,617,local_frozen_track_geometry_linked_by_relative_distance
0.67,3998.185,-4940.25,617,local_frozen_track_geometry_linked_by_relative_distance
0.6725,4118.447,-4989.776,617,local_frozen_track_geometry_linked_by_relative_distance
0.675,4239.764,-5038.181,617,local_frozen_track_geometry_linked_by_relative_distance
0.6775,4364.381,-5086.68,617,local_frozen_track_geometry_linked_by_relative_distance
0.68,4492.323,-5135.74,617,local_frozen_track_geometry_linked_by_relative_distance
0.6825,4632.608,-5191.332,617,local_frozen_track_geometry_linked_by_relative_distance
0.685,4803.668,-5258.232,617,local_frozen_track_geometry_linked_by_relative_distance
0.6875,4942.637,-5310.477,617,local_frozen_track_geometry_linked_by_relative_distance
0.69,5014.419,-5330.029,617,local_frozen_track_geometry_linked_by_relative_distance
0.6925,5126.417,-5345.504,617,local_frozen_track_geometry_linked_by_relative_distance
0.695,5254.521,-5335.884,617,local_frozen_track_geometry_linked_by_relative_distance
0.6975,5383.226,-5296.889,617,local_frozen_track_geometry_linked_by_relative_distance
0.7,5548.972,-5206.965,617,local_frozen_track_geometry_linked_by_relative_distance
0.7025,5619.212,-5148.471,617,local_frozen_track_geometry_linked_by_relative_distance
0.705,5692.601,-5058.315,617,local_frozen_track_geometry_linked_by_relative_distance
0.7075,5757.903,-4921.8,617,local_frozen_track_geometry_linked_by_relative_distance
0.71,5788.687,-4805.858,617,local_frozen_track_geometry_linked_by_relative_distance
0.7125,5794.804,-4692.428,617,local_frozen_track_geometry_linked_by_relative_distance
0.715,5777.981,-4562.244,617,local_frozen_track_geometry_linked_by_relative_distance
0.7175,5743.895,-4435.537,617,local_frozen_track_geometry_linked_by_relative_distance
0.72,5692.667,-4314.381,617,local_frozen_track_geometry_linked_by_relative_distance
0.7225,5626.771,-4203.434,617,local_frozen_track_geometry_linked_by_relative_distance
0.725,5539.834,-4084.086,617,local_frozen_track_geometry_linked_by_relative_distance
0.7275,5431.818,-3972.602,617,local_frozen_track_geometry_linked_by_relative_distance
0.73,5323.144,-3897.652,617,local_frozen_track_geometry_linked_by_relative_distance
0.7325,5220.128,-3846.653,617,local_frozen_track_geometry_linked_by_relative_distance
0.735,5122.274,-3821.503,617,local_frozen_track_geometry_linked_by_relative_distance
0.7375,4989.745,-3801.329,617,local_frozen_track_geometry_linked_by_relative_distance
0.74,4744.901,-3770.533,617,local_frozen_track_geometry_linked_by_relative_distance
0.7425,4537.012,-3743.575,617,local_frozen_track_geometry_linked_by_relative_distance
0.745,4478.958,-3731.986,617,local_frozen_track_geometry_linked_by_relative_distance
0.7475,4372.548,-3714.419,617,local_frozen_track_geometry_linked_by_relative_distance
0.75,4231.351,-3697.886,617,local_frozen_track_geometry_linked_by_relative_distance
0.7525,4097.834,-3685.538,617,local_frozen_track_geometry_linked_by_relative_distance
0.755,3982.302,-3676.145,617,local_frozen_track_geometry_linked_by_relative_distance
0.7575,3860.019,-3666.74,617,local_frozen_track_geometry_linked_by_relative_distance
0.76,3689.96,-3653.879,617,local_frozen_track_geometry_linked_by_relative_distance
0.7625,3497.768,-3638.898,617,local_frozen_track_geometry_linked_by_relative_distance
0.765,3348.219,-3626.585,617,local_frozen_track_geometry_linked_by_relative_distance
0.7675,3243.355,-3616.867,617,local_frozen_track_geometry_linked_by_relative_distance
0.77,3157.455,-3607.169,617,local_frozen_track_geometry_linked_by_relative_distance
0.7725,3070.329,-3594.783,617,local_frozen_track_geometry_linked_by_relative_distance
0.775,2954.03,-3569.213,617,local_frozen_track_geometry_linked_by_relative_distance
0.7775,2830.49,-3531.946,617,local_frozen_track_geometry_linked_by_relative_distance
0.78,2710.525,-3481.585,617,local_frozen_track_geometry_linked_by_relative_distance
0.7825,2568.208,-3402.399,617,local_frozen_track_geometry_linked_by_relative_distance
0.785,2420.785,-3317.746,617,local_frozen_track_geometry_linked_by_relative_distance
0.7875,2326.214,-3258.104,617,local_frozen_track_geometry_linked_by_relative_distance
0.79,2250.867,-3205.847,617,local_frozen_track_geometry_linked_by_relative_distance
0.7925,2165.11,-3142.087,617,local_frozen_track_geometry_linked_by_relative_distance
0.795,2059.397,-3059.649,617,local_frozen_track_geometry_linked_by_relative_distance
0.7975,1953.449,-2949.662,617,local_frozen_track_geometry_linked_by_relative_distance
0.8,1843.531,-2811.049,617,local_frozen_track_geometry_linked_by_relative_distance
0.8025,1761.515,-2699.348,617,local_frozen_track_geometry_linked_by_relative_distance
0.805,1735.102,-2647.37,617,local_frozen_track_geometry_linked_by_relative_distance
0.8075,1696.143,-2535.079,617,local_frozen_track_geometry_linked_by_relative_distance
0.81,1654.354,-2404.553,617,local_frozen_track_geometry_linked_by_relative_distance
0.8125,1621.489,-2267.437,617,local_frozen_track_geometry_linked_by_relative_distance
0.815,1595.956,-2131.936,617,local_frozen_track_geometry_linked_by_relative_distance
0.8175,1577.149,-1946.96,617,local_frozen_track_geometry_linked_by_relative_distance
0.82,1575.866,-1785.195,617,local_frozen_track_geometry_linked_by_relative_distance
0.8225,1585.075,-1685.046,617,local_frozen_track_geometry_linked_by_relative_distance
0.825,1610.847,-1572.439,617,local_frozen_track_geometry_linked_by_relative_distance
0.8275,1681.137,-1466.802,617,local_frozen_track_geometry_linked_by_relative_distance
0.83,1802.858,-1409.12,617,local_frozen_track_geometry_linked_by_relative_distance
0.8325,1924.513,-1397.252,617,local_frozen_track_geometry_linked_by_relative_distance
0.835,2052.084,-1404.159,617,local_frozen_track_geometry_linked_by_relative_distance
0.8375,2171.184,-1394.112,617,local_frozen_track_geometry_linked_by_relative_distance
0.84,2289.842,-1371.223,617,local_frozen_track_geometry_linked_by_relative_distance
0.8425,2408.5,-1348.335,617,local_frozen_track_geometry_linked_by_relative_distance
0.845,2524.344,-1306.15,617,local_frozen_track_geometry_linked_by_relative_distance
0.8475,2626.235,-1217.727,617,local_frozen_track_geometry_linked_by_relative_distance
0.85,2710.096,-1103.328,617,local_frozen_track_geometry_linked_by_relative_distance
0.8525,2746.617,-998.512,617,local_frozen_track_geometry_linked_by_relative_distance
0.855,2766.968,-865.668,617,local_frozen_track_geometry_linked_by_relative_distance
0.8575,2776.834,-731.119,617,local_frozen_track_geometry_linked_by_relative_distance
0.86,2772.108,-577.132,617,local_frozen_track_geometry_linked_by_relative_distance
0.8625,2749.846,-432.555,617,local_frozen_track_geometry_linked_by_relative_distance
0.865,2721.552,-357.851,617,local_frozen_track_geometry_linked_by_relative_distance
0.8675,2651.324,-249.424,617,local_frozen_track_geometry_linked_by_relative_distance
0.87,2531.79,-142.778,617,local_frozen_track_geometry_linked_by_relative_distance
0.8725,2428.461,-66.325,617,local_frozen_track_geometry_linked_by_relative_distance
0.875,2334.196,-32.858,617,local_frozen_track_geometry_linked_by_relative_distance
0.8775,2160.153,-5.661,617,local_frozen_track_geometry_linked_by_relative_distance
0.88,2073.545,-8.278,617,local_frozen_track_geometry_linked_by_relative_distance
0.8825,1949.828,-18.237,617,local_frozen_track_geometry_linked_by_relative_distance
0.885,1788.774,-41.112,617,local_frozen_track_geometry_linked_by_relative_distance
0.8875,1608.495,-69.115,617,local_frozen_track_geometry_linked_by_relative_distance
0.89,1527.598,-80.344,617,local_frozen_track_geometry_linked_by_relative_distance
0.8925,1422.135,-94.04,617,local_frozen_track_geometry_linked_by_relative_distance
0.895,1290.944,-111.107,617,local_frozen_track_geometry_linked_by_relative_distance
0.8975,1160.949,-128.404,617,local_frozen_track_geometry_linked_by_relative_distance
0.9,1040.426,-145.479,617,local_frozen_track_geometry_linked_by_relative_distance
0.9025,910.396,-166.24,617,local_frozen_track_geometry_linked_by_relative_distance
0.905,696.588,-203.826,617,local_frozen_track_geometry_linked_by_relative_distance
0.9075,543.512,-230.084,617,local_frozen_track_geometry_linked_by_relative_distance
0.91,453.579,-243.839,617,local_frozen_track_geometry_linked_by_relative_distance
0.9125,370.87,-254.673,617,local_frozen_track_geometry_linked_by_relative_distance
0.915,269.363,-260.388,617,local_frozen_track_geometry_linked_by_relative_distance
0.9175,144.813,-257.061,617,local_frozen_track_geometry_linked_by_relative_distance
0.92,24.385,-235.552,617,local_frozen_track_geometry_linked_by_relative_distance
0.9225,-134.633,-176.031,617,local_frozen_track_geometry_linked_by_relative_distance
0.925,-314.329,-87.885,617,local_frozen_track_geometry_linked_by_relative_distance
0.9275,-410.992,-14.844,617,local_frozen_track_geometry_linked_by_relative_distance
0.93,-468.378,52.495,617,local_frozen_track_geometry_linked_by_relative_distance
0.9325,-528.226,135.057,617,local_frozen_track_geometry_linked_by_relative_distance
0.935,-589.957,226.117,617,local_frozen_track_geometry_linked_by_relative_distance
0.9375,-660.259,341.108,617,local_frozen_track_geometry_linked_by_relative_distance
0.94,-728.239,454.994,617,local_frozen_track_geometry_linked_by_relative_distance
0.9425,-789.219,554.264,617,local_frozen_track_geometry_linked_by_relative_distance
0.945,-854.384,662.818,617,local_frozen_track_geometry_linked_by_relative_distance
0.9475,-954.868,851.818,617,local_frozen_track_geometry_linked_by_relative_distance
0.95,-1010.433,965.187,617,local_frozen_track_geometry_linked_by_relative_distance
0.9525,-1032.651,1031.793,617,local_frozen_track_geometry_linked_by_relative_distance
0.955,-1075.713,1174.429,617,local_frozen_track_geometry_linked_by_relative_distance
0.9575,-1113.446,1381.977,617,local_frozen_track_geometry_linked_by_relative_distance
0.96,-1122.06,1486.744,617,local_frozen_track_geometry_linked_by_relative_distance
0.9625,-1118.187,1601.22,617,local_frozen_track_geometry_linked_by_relative_distance
0.965,-1097.613,1748.891,617,local_frozen_track_geometry_linked_by_relative_distance
0.9675,-1056.516,1831.947,617,local_frozen_track_geometry_linked_by_relative_distance
0.97,-968.555,1918.69,617,local_frozen_track_geometry_linked_by_relative_distance
0.9725,-800.749,1972.048,617,local_frozen_track_geometry_linked_by_relative_distance
0.975,-713.715,1975.973,617,local_frozen_track_geometry_linked_by_relative_distance
0.9775,-562.674,1988.491,617,local_frozen_track_geometry_linked_by_relative_distance
0.98,-454.037,2003.369,617,local_frozen_track_geometry_linked_by_relative_distance
0.9825,-315.841,2017.818,617,local_frozen_track_geometry_linked_by_relative_distance
0.985,-145.561,2028.243,617,local_frozen_track_geometry_linked_by_relative_distance
0.9875,-6.562,2034.878,617,local_frozen_track_geometry_linked_by_relative_distance
0.99,47.54,2037.71,617,local_frozen_track_geometry_linked_by_relative_distance
0.9925,159.258,2043.546,617,local_frozen_track_geometry_linked_by_relative_distance
0.995,287.308,2049.742,617,local_frozen_track_geometry_linked_by_relative_distance
0.9975,427.885,2061.91,617,local_frozen_track_geometry_linked_by_relative_distance
1.0,566.232,2079.074,617,local_frozen_track_geometry_linked_by_relative_distance
