problem_id,top_risk_rank,platform,target,scope,field_track_year_task_metric_or_gate,evidence,root_cause,user_impact,scientific_risk,priority,proposed_fix,prerequisites,effort,acceptance_test,fallback,evidence_path,evidence_locator
P-001,1,ALL,A-C model selection,validation protocol,track/cluster publication gate,生成器 1078-1126 用全部 outer held-out event 指标选择模型，1153-1185 又报告同一批指标。,把 outer folds 同时当模型选择验证集和最终测试集；没有嵌套验证或时间上后置的 confirmation fold。,用户会把 11 个 DeltaData 专用模型理解为经过独立最终测试。,选择偏差；最终 MAE/P90/max 不再是无偏发布证据。,P0,预注册模型族和阈值；按时间/事件建立 train→selection-validation→untouched-final-test 三层身份，最终折禁止参与任何模型或超参数选择。,冻结事件时间顺序、最少 final-test 事件数和回退规则。,L（5-8 人日）,测试读取 split_registry，断言每个发布模型至少有 2 个未被任何选择逻辑读取的 final-test events；篡改 final-test 标签不得改变 selected_model_type；最终指标单独发布。,在 final-test 完成前把 11 个专用模型降为 audit_only，产品回退 universal。,research/run_reference_analysis_lab_track_validation_v3.py,lines 1078-1185
P-002,2,DeltaData,deltadata,publication quality gate,australian-grand-prix/selected cluster/max_abs_error,澳大利亚 selected cluster MAE=2.012158s、P90=7.680258s、max=11.168040s 仍 publication_gate_passed=True；universal 自动通过。,发布门只约束相对 universal 改善和尾部退化，没有任务绝对误差上限。,产品可显示“通过”但单圈调整误差达到 11 秒。,相对较差基线的改善被误称为足够准确。,P0,在 selection-validation 上预注册绝对门，并仅在 untouched final test 上确认；Delta 调整试行门：MAE<=0.25s、P90<=0.50s、max<=1.50s，阈值变更必须在 final test 前冻结。,先完成 P-001；明确调整秒的产品容忍度。,M（3-5 人日）,澳大利亚当前模型必须 FAIL/audit_only；任何 universal 也必须通过相同绝对门；测试覆盖阈值边界。,不满足绝对门时不发布模型选择，只展示账本和 audit_only 内部诊断。,research/records/reference_analysis_lab_v3/run=20260731T235900+0800-track-validation-v3/targets/deltadata/model_comparison.csv,track_key=australian-grand-prix; model_type=cluster
P-003,3,F1pace|DeltaData|FDataAnalysis,A-C,target identity,v3 target vs public-platform truth,"A 预测本地 2s 交通代理；B 预测 v17 adjusted_pace_s-raw_lap_duration_s；C 对 F1 TR 自身 1,200 轴重采样。",把内部代理稳定性实验放在专业平台目标名下，但缺少逐点平台冻结真值。,用户可能把 0.0087 ratio、0.319s、0.00032 lap fraction 误读成对平台误差。,构念效度失配；内部拟合好不等于平台复刻准确。,P0,"机器可读地拆分 target_identity={internal_proxy,public_reference_truth}；报告标题和 UI 明示 INTERNAL_PROXY；只有 public_reference_truth 行可称平台 gap/convergence。",确定每目标可冻结的同场真值与许可边界。,M（3-5 人日）,schema 测试禁止 internal_proxy 指标出现在 same_scale_numeric_gap 或平台准确率摘要；所有 A-C 当前 v3 指标显示“内部稳定性”。,无外部真值时维持 UNKNOWN/NOT_TESTED，不发布差距收敛结论。,research/records/reference_analysis_lab_v3/run=20260731T235900+0800-track-validation-v3/track_validation_v3.json,$.targets and $.title
P-004,4,ALL,release provenance,manifest/cache identity,generator code hash; dependency versions; cache config identity,v3 manifest 未记录生成器/库代码哈希和依赖版本；cache_is_valid 只校验 schema、event、source parquet 和缓存文件哈希。,生成和缓存身份没有绑定实现代码与完整配置。,当前源码无法被证明就是冻结产物生成源码；算法改动可能复用旧缓存。,不可复现或陈旧缓存造成静默污染。,P1,manifest 加入 generator/library/frontend git blob+SHA256、Python/依赖 lock；cache identity 加 algorithm_version、config_sha256、feature_schema_sha256。,确定依赖锁文件和缓存 schema 迁移策略。,M（2-4 人日）,修改任一算法常量或 config 后 cache_is_valid 必须失败；正式 manifest 的所有代码/依赖 hash 可重算一致。,身份不完整时强制全量重算且 status=PROVENANCE_INCOMPLETE。,research/run_reference_analysis_lab_track_validation_v3.py,lines 351-370;2677-2810
P-005,5,ALL,model support,Kish ESS gate,row-level ESS vs event clusters,fit_weight=sample_weight/该事件行数；ESS 按行计算可达数千，但 track fold 训练独立事件仅 2 个。,把相关行当独立支持单位；变量 sample_weight 还使事件总权重并非严格相等。,“Kish ESS 足够”给用户过强稳定性信号。,伪重复导致门槛虚高，置信度偏乐观。,P1,同时发布 event-cluster count、event-level ESS、driver/stint cluster bootstrap；track model 最少训练事件和 final-test 事件单独门控。,先定义独立抽样单位和事件权重。,M（3-5 人日）,track fold 只有 2 个训练事件时，不论行级 ESS 多大均 FAIL；事件总权重在容差 1e-9 内相等；输出 cluster CI。,样本不足时回退 cluster/universal，并标记 low_independent_support。,research/run_reference_analysis_lab_track_validation_v3.py,lines 927-946
P-006,6,F1pace,traffic_ratio,2025 Qatar external tail,HUL lap7/max_abs_error_pp,"外部零重拟合 1,067 单元 MAE=2.238pp、P90=6.848pp、max=72.309pp；参考颜色读数 max error 1.5pp。",连续比例模型在极端/缺失/图像单元上存在长尾，发布门只看 MAE/P90/分类准确率。,热图局部可严重错色，99.25% 分类准确率掩盖连续数值失败。,尾部误差可能改变逐圈解释。,P1,加入 max/conditional-tail 门、逐车手/圈型残差账本与图像读取不确定带；复核 HUL lap7、HAM lap38、COL lap1。,保留参考单元定位与颜色读数置信区间。,M（2-4 人日）,零重拟合 final event 的 max<=15pp、P99<=15pp，且所有 >10pp 单元有可审计原因；阈值须在新 final event 前冻结。,尾部门失败时仅发布 33% 分类，不发布连续比例色值。,frontend/public/data/reference-analysis-lab/v2/run=20260731T120000+0800-f1pace-reverse-engineered-v2/qatar_external_cells.csv,sort abs_error_pp desc; HUL lap7
P-007,7,F1TelemetryData,qualifying_q1_q2_q3_phase,reference truth identity,2025 Abu Dhabi/status,chart_reference_matrix 把 Q phase 标为 REFERENCE_INFORMED_SAME_EVENT/public_reference_available=True；model_comparison 同任务为 NOT_TESTED。,is_public_reference 分支先于 Q phase 缺口分支，事件级有参考被错误扩张为任务级有数值参考。,UI/统计可能把缺真值任务算成已参考验证。,NOT_TESTED 被污染，优势率/覆盖率可能虚增。,P1,按 event×task 定义 public_numeric_truth_available；Q phase 在没有逐阶段真值时始终 NOT_TESTED。,梳理 7 个 chart task 的独立证据清单。,S（1-2 人日）,2025 Abu Q phase 两张表状态一致为 NOT_TESTED；自动测试禁止 event-level boolean 覆盖 task-level truth。,暂时从 reference_matrix 的 public rows 计数中排除 Q phase。,research/records/reference_analysis_lab_v3/run=20260731T235900+0800-track-validation-v3/targets/f1telemetrydata/chart_reference_matrix.csv,event=2025-24-abu-dhabi-grand-prix; task=qualifying_q1_q2_q3_phase
P-008,8,ALL,frontend,layer isolation and holdout wording,state.layer/renderComparison/renderCoverage,layer 仅切换 method card active；comparison/coverage/registry 使用同一数据。UI 称专用模型在“完全留出的年份上稳定改善/holdout gate passed”。,视觉层与 audited 层没有独立数据源，且把 selection fold 写成最终 holdout。,用户以为切换后看到了不同证据层，并高估验证强度。,语义混排和验证身份误导。,P1,给每层独立 data_source/metric_role/legend；内部代理与外部真值分表；改文案为“selection-validation gate passed; final confirmation NOT_TESTED”。,先完成 P-001/P-003 的 schema 身份。,M（3-5 人日）,E2E 切层后至少一个 dataset id 和表行集合改变；快照断言不再出现“完全留出/holdout passed”直到 final-test PASS。,在分层完成前移除 layer 控件，固定显示 audited_analysis。,frontend/src/track-validation-v3.js,lines 331-350;375-404;548-560
P-009,9,ALL,model uncertainty,2-3 event track metrics,confidence intervals and fold stability,多数赛道只有 2-3 个 test events；fold improvement 2/3 即可通过，未发布 cluster bootstrap/CI。,点估计发布门没有表达事件间方差和小样本不确定性。,用户看见精确改善百分比却不知道其区间可能跨过零。,模型选择不稳定、最坏尾部不可预期。,P1,按事件 cluster bootstrap 或时间块 bootstrap 发布 MAE/P90 improvement CI；最终折只做确认，不参与 CI 阈值选择。,P-001 的数据身份；至少 3 个 selection events。,M（3-5 人日）,专用模型只有在改善 90% CI 下界>0、最坏折不劣化且 final-test 过门时发布；不足则 audit_only。,样本不足时只发布点估计+WIDE_UNCERTAINTY，不选专用模型。,research/records/reference_analysis_lab_v3/run=20260731T235900+0800-track-validation-v3/targets/deltadata/model_comparison.csv,"columns=test_events,fold_improvement_share"
P-010,10,F1pace|DeltaData|FDataAnalysis,registry semantics,reference use identity,reference_informed flag,A-C registry 写 reference_informed=False，但方法、阈值和特征设计已看过公开参考；blind_holdout_claim_allowed=False。,单一 boolean 混合了“参考用于设计”“参考用作拟合目标”“最终确认盲测”三种身份。,用户会把 false 理解为完全盲设计。,参考泄漏语义不清，难以审计选择偏差。,P1,拆为 method_design_reference_informed、reference_used_as_fit_target、selection_reference_seen、confirmation_blind 四字段。,逐目标建立证据使用登记。,S（1-2 人日）,A-C 的 method_design_reference_informed=True；只有未见过的 final confirmation 可 confirmation_blind=True。,无法拆分前统一标记 REFERENCE_INFORMED_NOT_BLIND。,research/run_reference_analysis_lab_track_validation_v3.py,lines 1149-1150;1945-1946
P-011,,ALL,run identity,frozen_at chronology,config frozen_at vs manifest created_at,config frozen_at=2026-07-31T23:59+08，但 manifest created_at≈2026-07-31T15:06+08，冻结时间晚于产物创建约 8.88 小时。,run_id/frozen_at 是预设标签，不是实际生成时间的单调记录。,用户无法用时间字段证明“先冻结、后比较”。,时间身份不能支持防泄漏声明。,P1,记录 observed_input_frozen_at、run_started_at、run_finished_at，并断言 input_frozen<=started<=finished。,明确冻结动作的实际时间源。,S（1 人日）,manifest 时间单调断言通过；未来时间标签导致构建失败。,时间异常时保留 hash 身份但 status=TIME_IDENTITY_UNPROVEN。,research/configs/reference_analysis_lab_track_validation_2023_2025_v3.json,$.frozen_at
P-012,,F1TelemetryData,task registry,task granularity/max,7 tasks vs 24 track registry rows; team throttle max,model_comparison 有 7 个任务；registry 仅 24 个赛道通用行。team throttle v3 comparison 缺 max，v2 有 3.084442pp。,以赛道为唯一 registry 粒度，且 v3 手工摘取指标字段不完整。,任务级 PASS/NOT_TESTED 和尾部无法完整展示。,覆盖与尾部审计失真。,P1,registry 主键改为 target×track×chart_task；从 v2 validation 程序化映射 MAE/max。,修复 P-007 的 task truth identity。,S（1-2 人日）,24×7=168 个任务身份完整；team throttle max_abs_error=3.084442pp 可重算。,未迁移前以 model_comparison 为唯一任务真相源。,research/records/reference_analysis_lab_v3/run=20260731T235900+0800-track-validation-v3/targets/f1telemetrydata/model_comparison.csv,chart_task=qualifying_team_throttle
P-013,,F1pace|DeltaData,data gap cards,status distribution,data_gap_audit.md status distribution,A/B coverage 没有 status/q1/layout 字段，通用生成逻辑输出“状态分布：{}”。,data-gap 摘要按少数字段名硬编码，而非目标专属缺口指标。,用户看不到排除率、missing rate 和尾部最坏赛道。,数据缺口被空摘要掩盖。,P2,按 target schema 生成 gap cards：missing、coverage loss、ledger closure、worst exclusion tracks。,定义每目标 gap summary schema。,S（1-2 人日）,A/B data_gap 不得出现空对象；数字与 coverage/ledger 重算一致。,空 schema 时显示 NOT_AVAILABLE，不显示 {}。,research/records/reference_analysis_lab_v3/run=20260731T235900+0800-track-validation-v3/targets/f1pace/data_gap_audit.md,状态分布
P-014,,FDataAnalysis|F1TelemetryData|GP Tempo,sampling identity,formal manifest identity,formal sampling evidence,expanded-v4 event median 约 7.25-8.13Hz 只能从 runtime-cache segments 重算，v3 正式 coverage/manifest 未发布。,采样身份留在缓存或 v2 报告，没有进入 v3 目标 manifest schema。,用户无法从正式产物解释控制占比和段内曲线差异。,采样差异导致结果不可比。,P1,正式 coverage 加 source_sample_hz、resampled_hz、interpolation、smoothing、missing_rate。,冻结采样统计定义。,S（1-2 人日）,70 个事件均有采样身份且与 segments 重算误差<1e-9；无身份时 NOT_TESTED。,只在 audit 报告披露 runtime-cache 推导，并明确非正式证据。,research/records/reference_analysis_lab_v3/run=20260731T235900+0800-track-validation-v3/targets/fdataanalysis/coverage_matrix.csv,sampling columns absent
P-015,,GP Tempo,segment validation,point truth identity,sector endpoint vs segment truth,270 个端点 max error=0 是 affine sector 构造约束；public point truth events=0，segment_mae=null。,端点不变量容易被误读为整段曲线准确。,用户可能把 0 误差扩张到 sector 内。,伪造段内精度的风险。,P1,UI/报告把 endpoint invariant 与 segment accuracy 分栏；获取许可允许的逐点真值后才算 segment MAE。,至少 2 个独立事件逐点冻结真值。,M（数据依赖，2-5 人日）,无 point truth 时 segment status 恒为 NOT_TESTED，任何非 null MAE 触发测试失败。,只发布端点约束和敏感性带。,research/records/reference_analysis_lab_v3/run=20260731T235900+0800-track-validation-v3/targets/gptempo/model_comparison.csv,segment_mae_status
P-016,,FDataAnalysis,same-event truth,event identity,2026 Hungary reference vs 2025 Abu pilot,冻结参考图片与 F1 TR pilot 不是同事件/会话；v3 指标对自身 profile。,缺少可许可的同事件逐点/表值转录。,无法回答对 FDataAnalysis 的数值差距。,平台差距只能 UNKNOWN。,P1,冻结至少 3 个同事件公开图表，预注册距离轴标定和读取不确定度，保留一个 final event。,许可、URL、抓取时间、图像 hash、坐标标定。,L（数据依赖，5-8 人日）,至少 2 个 selection events+1 个 untouched final event；同距离点 MAE/P90/max 含读图误差带。,继续只报内部稳定性，不报平台 gap。,frontend/public/data/reference-analysis-lab/v2/run=20260731T170000+0800-fdataanalysis-reverse-engineered-v2/report.json,$.reference_identity.images
P-017,,DeltaData,method fidelity,opaque parameter identity,manual labels/clean threshold/season weights,精确阈值、人工标签、回归代码和赛季权重闭源；80% 是 F1 TR 工程选择。,只能复刻公开语义，不能一对一重建。,METHOD_EQUIVALENT 容易被误读为算法相同。,方法保真度未知。,P1,UI 固定显示 SKIPPED_OPAQUE_METHOD；用多事件同场输出做黑盒结果验证而非宣称代码等价。,新增公开同场输出冻结。,M/L（数据依赖）,所有算法等价文案包含 opaque boundary；至少 5 个独立同场事件报告结果误差。,维持 UNKNOWN，不尝试猜测闭源参数。,frontend/public/data/reference-analysis-lab/v2/run=20260731T153000+0800-deltadata-reverse-engineered-v2/deltadata_reverse_engineered_v2.json,$.method_card.not_identifiable
P-018,,ALL,product comparison,complete product scope,local frozen subset vs full public product,本地只冻结有限页面、图片和方法卡，没有完整平台功能清单、历史覆盖、交互性能或更新 SLA。,证据范围是样本，不是完整产品审计。,用户可能把子任务计数当成总体产品排名。,外部有效性与范围越界。,P2,每平台建立 capability inventory，逐项标注 public evidence/local freeze/inference；禁止总复刻率。,只读冻结公开页面并遵守许可。,M（3-5 人日）,每个产品结论都有 inference_scope；未冻结能力一律 UNKNOWN，不进入优势率。,保留当前矩阵的 UNKNOWN，不做总体排名。,frontend/public/data/reference-analysis-lab/v2/manifest.json,$.targets
