driver,team,lap,stint,compound,tyre_age,lap_time_s,traffic_ratio,clean_air_share,missing,telemetry_coverage,candidate_weight,fuel_adjusted_lap_time_s,condition_prediction_s,condition_residual_s,representative_lap,robust_weight_role
ALB,Williams,13,2,HARD,5.0,89.69200134277344,0.046859878027876965,0.9531401219721231,0.0,1.0,0.9084760921130336,90.07600134277344,90.34858425002867,-0.27258290725522727,True,huber_inlier
ALB,Williams,14,2,HARD,6.0,89.79299926757812,0.0687247017641384,0.9312752982358616,0.0,1.0,0.867273681104293,90.20899926757812,90.36942796243531,-0.16042869485718825,True,huber_inlier
ALB,Williams,15,2,HARD,7.0,89.81900024414062,0.038033507644725725,0.9619664923552743,0.0,1.0,0.92537953241431,90.26700024414062,90.38976204751617,-0.12276180337555331,True,huber_inlier
ALB,Williams,23,2,HARD,15.0,90.62100219726562,0.16094588189688866,0.8390541181031114,0.0,1.0,0.70401181310579,91.32500219726562,90.5340881444352,0.7909140528304164,False,huber_downweighted_outlier
ALB,Williams,35,3,MEDIUM,2.0,88.58799743652344,0.09224022075829376,0.9077597792417063,0.0,1.0,0.8240278168089513,89.67599743652343,89.12791912106961,0.5480783154538216,False,huber_downweighted_outlier
ALB,Williams,36,3,MEDIUM,3.0,88.43900299072266,0.0,1.0,0.0,1.0,1.0,89.55900299072266,89.21271498823923,0.3462880024834334,False,huber_downweighted_outlier
ALB,Williams,37,3,MEDIUM,4.0,88.41100311279297,0.0,1.0,0.0,1.0,1.0,89.56300311279297,89.29700122808306,0.26600188470990815,True,huber_inlier
ALB,Williams,44,3,MEDIUM,11.0,88.50700378417969,0.0,1.0,0.0,1.0,1.0,89.88300378417969,89.87273534186824,0.010268442311456738,True,huber_inlier
ALB,Williams,45,3,MEDIUM,12.0,88.36699676513672,0.04588082090528299,0.954119179094717,0.0,1.0,0.9103434079163767,89.77499676513672,89.95294456310589,-0.1779477979691677,True,huber_inlier
ALB,Williams,46,3,MEDIUM,13.0,88.51699829101562,0.0,1.0,0.0,1.0,1.0,89.95699829101562,90.03264415701774,-0.07564586600211953,True,huber_inlier
ALB,Williams,54,3,MEDIUM,21.0,88.75199890136719,0.0,1.0,0.0,1.0,1.0,90.44799890136719,90.65189432458476,-0.20389542321757403,True,huber_inlier
ALB,Williams,55,3,MEDIUM,22.0,88.78500366210938,0.0,1.0,0.0,1.0,1.0,90.51300366210937,90.72700727256465,-0.21400361045527916,True,huber_inlier
ALB,Williams,56,3,MEDIUM,23.0,89.06099700927734,0.08428154443563766,0.9157184555643624,0.0,1.0,0.8385402898611811,90.82099700927735,90.80161059321877,0.01938641605858038,True,huber_inlier
ALO,Aston Martin,9,1,MEDIUM,10.0,90.01100158691406,0.06665262906824795,0.933347370931752,0.0,1.0,0.8711373148252135,90.26700158691406,90.99718322822135,-0.7301816413072828,False,huber_downweighted_outlier
ALO,Aston Martin,15,1,MEDIUM,16.0,89.83599853515625,0.0,1.0,0.0,1.0,1.0,90.28399853515624,91.34705365184864,-1.0630551166923965,False,huber_downweighted_outlier
ALO,Aston Martin,18,2,HARD,3.0,89.99299621582031,0.15378980431237757,0.8462101956876225,0.0,1.0,0.7160716952856843,90.53699621582031,90.30582214709874,0.23117406872157176,True,huber_inlier
ALO,Aston Martin,19,2,HARD,4.0,90.11199951171875,0.01030562333261288,0.9896943766673871,0.0,1.0,0.979494959207048,90.68799951171874,90.33203603477,0.35596347694874453,False,huber_downweighted_outlier
ALO,Aston Martin,20,2,HARD,5.0,90.10700225830078,0.007513680505885754,0.9924863194941143,0.0,1.0,0.985029094382973,90.71500225830079,90.35774029511549,0.35726196318529446,False,huber_downweighted_outlier
ALO,Aston Martin,29,2,HARD,14.0,90.39700317382812,0.13918804929226108,0.860811950707739,0.0,1.0,0.7409972144812629,91.29300317382813,90.56614540856498,0.7268577652631478,False,huber_downweighted_outlier
ALO,Aston Martin,30,2,HARD,15.0,90.41000366210938,0.01951664772477822,0.9804833522752218,0.0,1.0,0.9613476040888567,91.33800366210937,90.5867533956527,0.7512502664566654,False,huber_downweighted_outlier
ALO,Aston Martin,31,2,HARD,16.0,89.70800018310547,0.001480389341380384,0.9985196106586196,0.0,1.0,0.9970414128698413,90.66800018310546,90.60685175541467,0.06114842769079587,True,huber_inlier
ALO,Aston Martin,32,2,HARD,17.0,90.0479965209961,0.012642225437729488,0.9873577745622705,0.0,1.0,0.9748753749885594,91.0399965209961,90.62644048785086,0.41355603314524103,False,huber_downweighted_outlier
ALO,Aston Martin,33,2,HARD,18.0,89.98200225830078,0.0014761062799273487,0.9985238937200727,0.0,1.0,0.997049966329895,91.00600225830078,90.64551959296126,0.3604826653395179,False,huber_downweighted_outlier
ALO,Aston Martin,34,2,HARD,19.0,89.7509994506836,0.0,1.0,0.0,1.0,1.0,90.80699945068359,90.6640890707459,0.14291037993768896,True,huber_inlier
ALO,Aston Martin,35,2,HARD,20.0,89.76399993896484,0.0075536862732516604,0.9924463137267483,0.0,1.0,0.9849496856298113,90.85199993896484,90.68214892120476,0.16985101776008094,True,huber_inlier
ALO,Aston Martin,36,2,HARD,21.0,89.81900024414062,0.048262823036301396,0.9517371769636986,0.0,1.0,0.9058036540148307,90.93900024414063,90.69969914433784,0.23930109980278758,True,huber_inlier
ALO,Aston Martin,37,2,HARD,22.0,90.30000305175781,0.0,1.0,0.0,1.0,1.0,91.45200305175781,90.71673974014516,0.7352633116126555,False,huber_downweighted_outlier
ALO,Aston Martin,39,2,HARD,24.0,90.10099792480469,0.01196929978353322,0.9880307002164668,0.0,1.0,0.9762046645702417,91.31699792480468,90.74929204978245,0.5677058750222272,False,huber_downweighted_outlier
ALO,Aston Martin,40,2,HARD,25.0,89.98400115966797,0.002219253979666151,0.9977807460203338,0.0,1.0,0.9955664171288939,91.23200115966797,90.76480376361243,0.4671973960555391,False,huber_downweighted_outlier
ALO,Aston Martin,41,2,HARD,26.0,89.5270004272461,0.0,1.0,0.0,1.0,1.0,90.8070004272461,90.77980585011665,0.027194577129449726,True,huber_inlier
ALO,Aston Martin,42,2,HARD,27.0,88.947998046875,0.011360076352182663,0.9886399236478174,0.0,1.0,0.9774088986303622,90.259998046875,90.79429830929509,-0.5343002624200892,False,huber_downweighted_outlier
ALO,Aston Martin,43,2,HARD,28.0,89.63800048828125,0.002495154558174449,0.9975048454418256,0.0,1.0,0.9950159166799204,90.98200048828124,90.80828114114775,0.173719347133499,True,huber_inlier
ALO,Aston Martin,44,2,HARD,29.0,89.12999725341797,0.0,1.0,0.0,1.0,1.0,90.50599725341797,90.82175434567463,-0.3157570922566606,True,huber_inlier
ALO,Aston Martin,45,2,HARD,30.0,89.3550033569336,0.0,1.0,0.0,1.0,1.0,90.7630033569336,90.83471792287574,-0.07171456594214476,True,huber_inlier
ALO,Aston Martin,46,2,HARD,31.0,89.23500061035156,0.0,1.0,0.0,1.0,1.0,90.67500061035156,90.84717187275108,-0.17217126239951597,True,huber_inlier
ALO,Aston Martin,47,2,HARD,32.0,89.12000274658203,0.0,1.0,0.0,1.0,1.0,90.59200274658203,90.85911619530063,-0.26711344871860376,True,huber_inlier
ALO,Aston Martin,48,2,HARD,33.0,89.44599914550781,0.0,1.0,0.0,1.0,1.0,90.94999914550782,90.87055089052443,0.07944825498339014,True,huber_inlier
ALO,Aston Martin,49,2,HARD,34.0,89.31999969482422,0.0,1.0,0.0,1.0,1.0,90.85599969482422,90.88147595842243,-0.025476263598207538,True,huber_inlier
ALO,Aston Martin,50,2,HARD,35.0,89.00599670410156,0.0,1.0,0.0,1.0,1.0,90.57399670410156,90.89189139899467,-0.31789469489311273,True,huber_inlier
ALO,Aston Martin,51,2,HARD,36.0,88.51399993896484,0.0,1.0,0.0,1.0,1.0,90.11399993896484,90.90179721224114,-0.787797273276297,False,huber_downweighted_outlier
ALO,Aston Martin,52,2,HARD,37.0,89.08499908447266,0.0,1.0,0.0,1.0,1.0,90.71699908447266,90.91119339816181,-0.1941943136891524,True,huber_inlier
ALO,Aston Martin,53,2,HARD,38.0,88.55699920654297,0.0,1.0,0.0,1.0,1.0,90.22099920654297,90.92007995675672,-0.6990807502137528,False,huber_downweighted_outlier
ALO,Aston Martin,54,2,HARD,39.0,88.27899932861328,0.0,1.0,0.0,1.0,1.0,89.97499932861328,90.92845688802586,-0.953457559412584,False,huber_downweighted_outlier
ALO,Aston Martin,55,2,HARD,40.0,88.39299774169922,0.0,1.0,0.0,1.0,1.0,90.12099774169921,90.93632419196922,-0.8153264502700068,False,huber_downweighted_outlier
ALO,Aston Martin,56,2,HARD,41.0,88.7770004272461,0.0,1.0,0.0,1.0,1.0,90.5370004272461,90.94368186858681,-0.4066814413407087,False,huber_downweighted_outlier
ALO,Aston Martin,57,2,HARD,42.0,89.11599731445312,0.0,1.0,0.0,1.0,1.0,90.90799731445313,90.95052991787863,-0.04253260342549936,True,huber_inlier
ALO,Aston Martin,58,2,HARD,43.0,89.24600219726562,0.0,1.0,0.0,1.0,1.0,91.07000219726562,90.95686833984466,0.11313385742096216,True,huber_inlier
ANT,Mercedes,34,2,MEDIUM,2.0,88.02899932861328,0.06294593983719783,0.9370540601628021,0.0,1.0,0.8780703116675924,89.08499932861328,89.14187082504829,-0.056871496435007884,True,huber_inlier
ANT,Mercedes,35,2,MEDIUM,3.0,88.31900024414062,0.0,1.0,0.0,1.0,1.0,89.40700024414062,89.22604513213032,0.18095511201029524,True,huber_inlier
ANT,Mercedes,36,2,MEDIUM,4.0,88.18499755859375,0.026268262341060934,0.9737317376589391,0.0,1.0,0.948153496924297,89.30499755859375,89.30970981188658,-0.004712253292822766,True,huber_inlier
ANT,Mercedes,42,2,MEDIUM,10.0,88.17400360107422,0.0,1.0,0.0,1.0,1.0,89.48600360107422,89.80099571658285,-0.3149921155086304,True,huber_inlier
ANT,Mercedes,43,2,MEDIUM,11.0,88.39800262451172,0.01581313156926178,0.9841868684307382,0.0,1.0,0.9686237919915032,89.74200262451171,89.88109300505869,-0.13909038054697476,True,huber_inlier
ANT,Mercedes,44,2,MEDIUM,12.0,88.50299835205078,0.0,1.0,0.0,1.0,1.0,89.87899835205079,89.96068066620875,-0.08168231415795901,True,huber_inlier
ANT,Mercedes,45,2,MEDIUM,13.0,89.0009994506836,0.17530631988036632,0.8246936801196336,0.0,1.0,0.6801196660292645,90.4089994506836,90.03975870003303,0.3692407506505617,False,huber_downweighted_outlier
ANT,Mercedes,48,2,MEDIUM,16.0,88.88999938964844,0.0,1.0,0.0,1.0,1.0,90.39399938964844,90.27393503755123,0.12006435209721644,True,huber_inlier
ANT,Mercedes,49,2,MEDIUM,17.0,88.86199951171875,0.0,1.0,0.0,1.0,1.0,90.39799951171875,90.35097456207241,0.04702494964634241,True,huber_inlier
ANT,Mercedes,50,2,MEDIUM,18.0,88.86499786376953,0.18875555763568655,0.8112444423643135,0.0,1.0,0.658117545266986,90.43299786376953,90.42750445926782,0.005493404501706323,True,huber_inlier
BEA,Haas F1 Team,16,2,HARD,2.0,89.26300048828125,0.0,1.0,0.0,1.0,1.0,89.74300048828125,90.15056021153879,-0.40755972325753476,False,huber_downweighted_outlier
BEA,Haas F1 Team,17,2,HARD,3.0,89.86299896240234,0.0,1.0,0.0,1.0,1.0,90.37499896240234,90.17666216644825,0.19833679595409137,True,huber_inlier
BEA,Haas F1 Team,18,2,HARD,4.0,89.53299713134766,0.0,1.0,0.0,1.0,1.0,90.07699713134765,90.20225449403192,-0.12525736268426613,True,huber_inlier
BEA,Haas F1 Team,19,2,HARD,5.0,89.9219970703125,0.0,1.0,0.0,1.0,1.0,90.4979970703125,90.22733719428983,0.2706598760226626,True,huber_inlier
BOR,Kick Sauber,50,2,HARD,35.0,89.1449966430664,0.0,1.0,0.0,1.0,1.0,90.7129966430664,91.0100181486843,-0.29702150561789153,True,huber_inlier
BOR,Kick Sauber,51,2,HARD,36.0,89.25299835205078,0.016134280930464748,0.9838657190695352,0.0,1.0,0.9679917531602137,90.85299835205078,91.01992396193076,-0.16692560987998206,True,huber_inlier
BOR,Kick Sauber,52,2,HARD,37.0,89.22899627685547,0.190226909762581,0.809773090237419,0.0,1.0,0.6557324576726591,90.86099627685547,91.02932014785145,-0.16832387099597668,True,huber_inlier
BOR,Kick Sauber,53,2,HARD,38.0,89.60900115966797,0.016490612872924186,0.9835093871270758,0.0,1.0,0.9672907145670763,91.27300115966797,91.03820670644636,0.2347944532216104,True,huber_inlier
BOR,Kick Sauber,54,2,HARD,39.0,89.7229995727539,0.0,1.0,0.0,1.0,1.0,91.4189995727539,91.04658363771549,0.3724159350384184,False,huber_downweighted_outlier
COL,Alpine,14,1,MEDIUM,14.0,91.1989974975586,0.0,1.0,0.0,1.0,1.0,91.61499749755859,91.28704205049559,0.3279554470630046,True,huber_inlier
COL,Alpine,17,2,HARD,2.0,89.84700012207031,0.0,1.0,0.0,1.0,1.0,90.35900012207031,90.36960434937556,-0.010604227305250902,True,huber_inlier
COL,Alpine,18,2,HARD,3.0,89.822998046875,0.0,1.0,0.0,1.0,1.0,90.366998046875,90.39632786437261,-0.029329817497611543,True,huber_inlier
COL,Alpine,19,2,HARD,4.0,89.71199798583984,0.0,1.0,0.0,1.0,1.0,90.28799798583984,90.42254175204387,-0.13454376620403252,True,huber_inlier
COL,Alpine,20,2,HARD,5.0,89.6989974975586,0.0,1.0,0.0,1.0,1.0,90.3069974975586,90.44824601238935,-0.14124851483074963,True,huber_inlier
COL,Alpine,21,2,HARD,6.0,89.43000030517578,0.0,1.0,0.0,1.0,1.0,90.07000030517578,90.47344064540906,-0.40344034023327424,False,huber_downweighted_outlier
COL,Alpine,22,2,HARD,7.0,89.62799835205078,0.0,1.0,0.0,1.0,1.0,90.29999835205078,90.498125651103,-0.19812729905221715,True,huber_inlier
COL,Alpine,23,2,HARD,8.0,89.71700286865234,0.0,1.0,0.0,1.0,1.0,90.42100286865234,90.52230102947115,-0.10129816081881415,True,huber_inlier
COL,Alpine,24,2,HARD,9.0,89.85199737548828,0.0,1.0,0.0,1.0,1.0,90.58799737548829,90.54596678051354,0.04203059497474726,True,huber_inlier
COL,Alpine,27,2,HARD,12.0,89.54299926757812,0.0,1.0,0.0,1.0,1.0,90.37499926757812,90.61390626968604,-0.23890700210792204,True,huber_inlier
COL,Alpine,28,2,HARD,13.0,89.83899688720703,0.0,1.0,0.0,1.0,1.0,90.70299688720704,90.63553351142532,0.06746337578171335,True,huber_inlier
COL,Alpine,30,2,HARD,15.0,89.67400360107422,0.0,1.0,0.0,1.0,1.0,90.60200360107422,90.67725911292656,-0.07525551185234747,True,huber_inlier
COL,Alpine,31,2,HARD,16.0,89.8489990234375,0.0,1.0,0.0,1.0,1.0,90.8089990234375,90.69735747268852,0.11164155074897053,True,huber_inlier
COL,Alpine,32,2,HARD,17.0,89.84100341796875,0.0821188117720223,0.9178811882279777,0.0,1.0,0.8425058757028042,90.83300341796875,90.71694620512471,0.11605721284404069,True,huber_inlier
COL,Alpine,33,2,HARD,18.0,90.0530014038086,0.11666798735137618,0.8833320126486238,0.0,1.0,0.7802754445698685,91.0770014038086,90.73602531023512,0.3409760935734738,True,huber_inlier
COL,Alpine,34,2,HARD,19.0,90.06999969482422,0.11555880647406308,0.8844411935259369,0.0,1.0,0.7822362248055837,91.12599969482422,90.75459478801976,0.37140490680445737,False,huber_downweighted_outlier
COL,Alpine,42,3,MEDIUM,2.0,87.70999908447266,0.0,1.0,0.0,1.0,1.0,89.02199908447265,89.3233011369178,-0.30130205244515196,True,huber_inlier
COL,Alpine,43,3,MEDIUM,3.0,88.07499694824219,0.0,1.0,0.0,1.0,1.0,89.41899694824218,89.41244792470049,0.00654902354169451,True,huber_inlier
COL,Alpine,44,3,MEDIUM,4.0,88.4489974975586,0.0,1.0,0.0,1.0,1.0,89.8249974975586,89.50108508515738,0.3239124124012136,True,huber_inlier
COL,Alpine,45,3,MEDIUM,5.0,88.46399688720703,0.0,1.0,0.0,1.0,1.0,89.87199688720703,89.58921261828853,0.2827842689185047,True,huber_inlier
COL,Alpine,46,3,MEDIUM,6.0,88.30699920654297,0.0,1.0,0.0,1.0,1.0,89.74699920654297,89.67683052409389,0.07016868244907926,True,huber_inlier
COL,Alpine,47,3,MEDIUM,7.0,88.10299682617188,0.0,1.0,0.0,1.0,1.0,89.57499682617187,89.76393880257346,-0.18894197640159405,True,huber_inlier
COL,Alpine,48,3,MEDIUM,8.0,88.02200317382812,0.0,1.0,0.0,1.0,1.0,89.52600317382813,89.85053745372727,-0.3245342798991402,True,huber_inlier
COL,Alpine,49,3,MEDIUM,9.0,88.38300323486328,0.0,1.0,0.0,1.0,1.0,89.91900323486328,89.93662647755531,-0.017623242692025087,True,huber_inlier
COL,Alpine,50,3,MEDIUM,10.0,88.49400329589844,0.0,1.0,0.0,1.0,1.0,90.06200329589844,90.02220587405756,0.039797421840873426,True,huber_inlier
COL,Alpine,51,3,MEDIUM,11.0,88.53099822998047,0.0,1.0,0.0,1.0,1.0,90.13099822998046,90.10727564323405,0.02372258674641614,True,huber_inlier
COL,Alpine,52,3,MEDIUM,12.0,88.5790023803711,0.0,1.0,0.0,1.0,1.0,90.2110023803711,90.19183578508475,0.01916659528635023,True,huber_inlier
COL,Alpine,53,3,MEDIUM,13.0,88.7229995727539,0.0,1.0,0.0,1.0,1.0,90.38699957275391,90.27588629960968,0.11111327314422681,True,huber_inlier
COL,Alpine,54,3,MEDIUM,14.0,88.68000030517578,0.0,1.0,0.0,1.0,1.0,90.37600030517578,90.35942718680884,0.01657311836693509,True,huber_inlier
COL,Alpine,55,3,MEDIUM,15.0,88.56999969482422,0.0,1.0,0.0,1.0,1.0,90.29799969482421,90.44245844668222,-0.14445875185801071,True,huber_inlier
COL,Alpine,56,3,MEDIUM,16.0,88.94000244140625,0.0,1.0,0.0,1.0,1.0,90.70000244140626,90.52498007922983,0.17502236217642064,True,huber_inlier
GAS,Alpine,9,1,MEDIUM,9.0,90.4000015258789,0.16146562216239768,0.8385343778376023,0.0,1.0,0.7031399028154948,90.6560015258789,90.8286290210532,-0.17262749517429654,True,huber_inlier
GAS,Alpine,10,1,MEDIUM,10.0,90.58599853515625,0.0,1.0,0.0,1.0,1.0,90.87399853515625,90.88934601405221,-0.01534747889596133,True,huber_inlier
GAS,Alpine,12,1,MEDIUM,12.0,91.79000091552734,0.0,1.0,0.0,1.0,1.0,92.14200091552735,91.00925111807291,1.1327497974544372,False,huber_downweighted_outlier
GAS,Alpine,15,2,HARD,2.0,89.81700134277344,0.0,1.0,0.0,1.0,1.0,90.26500134277343,90.27843691800774,-0.013435575234311159,True,huber_inlier
GAS,Alpine,16,2,HARD,3.0,89.57099914550781,0.021047703001614446,0.9789522969983856,0.0,1.0,0.9583475997984153,90.05099914550782,90.30391731282963,-0.25291816732180905,True,huber_inlier
GAS,Alpine,17,2,HARD,4.0,89.49299621582031,0.0,1.0,0.0,1.0,1.0,90.00499621582031,90.32888808032571,-0.32389186450539853,True,huber_inlier
GAS,Alpine,18,2,HARD,5.0,89.48699951171875,0.0,1.0,0.0,1.0,1.0,90.03099951171875,90.35334922049604,-0.3223497087772955,True,huber_inlier
GAS,Alpine,23,2,HARD,10.0,89.72899627685547,0.05643287169856881,0.9435671283014312,0.0,1.0,0.8903189256110096,90.43299627685546,90.46801051146102,-0.03501423460555486,True,huber_inlier
GAS,Alpine,25,2,HARD,12.0,89.71499633789062,0.0,1.0,0.0,1.0,1.0,90.48299633789063,90.5103076365666,-0.027311298675968487,True,huber_inlier
GAS,Alpine,26,2,HARD,13.0,89.8550033569336,0.0,1.0,0.0,1.0,1.0,90.65500335693359,90.53069175813071,0.12431159880287623,True,huber_inlier
GAS,Alpine,27,2,HARD,14.0,89.97200012207031,0.0,1.0,0.0,1.0,1.0,90.8040001220703,90.55056625236907,0.25343386970124016,True,huber_inlier
GAS,Alpine,28,2,HARD,15.0,89.97100067138672,0.0,1.0,0.0,1.0,1.0,90.83500067138672,90.56993111928163,0.2650695521050892,True,huber_inlier
GAS,Alpine,29,2,HARD,16.0,89.9800033569336,0.0,1.0,0.0,1.0,1.0,90.8760033569336,90.58878635886843,0.287216998065162,True,huber_inlier
GAS,Alpine,30,2,HARD,17.0,89.95500183105469,0.0,1.0,0.0,1.0,1.0,90.88300183105468,90.60713197112946,0.2758698599252227,True,huber_inlier
GAS,Alpine,31,2,HARD,18.0,90.13700103759766,0.0,1.0,0.0,1.0,1.0,91.09700103759765,90.62496795606471,0.4720330815329419,False,huber_downweighted_outlier
GAS,Alpine,32,2,HARD,19.0,90.01799774169922,0.00975236283895133,0.9902476371610487,0.0,1.0,0.9805903829030399,91.00999774169922,90.64229431367417,0.3677034280250524,False,huber_downweighted_outlier
GAS,Alpine,33,2,HARD,20.0,90.33899688720703,0.013485879378732048,0.986514120621268,0.0,1.0,0.9732101101851537,91.36299688720703,90.65911104395788,0.7038858432491537,False,huber_downweighted_outlier
GAS,Alpine,34,2,HARD,21.0,90.13700103759766,0.008419746421354663,0.9915802535786453,0.0,1.0,0.9832313992870906,91.19300103759765,90.6754181469158,0.5175828906818509,False,huber_downweighted_outlier
GAS,Alpine,38,2,HARD,25.0,90.19300079345703,0.0,1.0,0.0,1.0,1.0,91.37700079345703,90.73555028548974,0.6414505079672921,False,huber_downweighted_outlier
GAS,Alpine,43,3,MEDIUM,6.0,88.0510025024414,0.0,1.0,0.0,1.0,1.0,89.3950025024414,89.5668981584065,-0.17189565596510192,True,huber_inlier
GAS,Alpine,45,3,MEDIUM,8.0,88.0469970703125,0.0,1.0,0.0,1.0,1.0,89.4549970703125,89.7368757275144,-0.28187865720190075,True,huber_inlier
GAS,Alpine,46,3,MEDIUM,9.0,87.76699829101562,0.0,1.0,0.0,1.0,1.0,89.20699829101562,89.82110007107968,-0.6141017800640611,False,huber_downweighted_outlier
GAS,Alpine,47,3,MEDIUM,10.0,88.14299774169922,0.0,1.0,0.0,1.0,1.0,89.61499774169921,89.90481478731921,-0.28981704561999777,True,huber_inlier
GAS,Alpine,48,3,MEDIUM,11.0,88.0479965209961,0.0,1.0,0.0,1.0,1.0,89.5519965209961,89.98801987623294,-0.4360233552368413,False,huber_downweighted_outlier
GAS,Alpine,49,3,MEDIUM,12.0,88.4000015258789,0.0,1.0,0.0,1.0,1.0,89.93600152587891,90.07071533782091,-0.1347138119420066,True,huber_inlier
GAS,Alpine,50,3,MEDIUM,13.0,87.99199676513672,0.0,1.0,0.0,1.0,1.0,89.55999676513672,90.15290117208309,-0.5929044069463743,False,huber_downweighted_outlier
GAS,Alpine,51,3,MEDIUM,14.0,88.36399841308594,0.0,1.0,0.0,1.0,1.0,89.96399841308593,90.23457737901951,-0.27057896593358066,True,huber_inlier
GAS,Alpine,52,3,MEDIUM,15.0,88.4280014038086,0.0,1.0,0.0,1.0,1.0,90.0600014038086,90.31574395863015,-0.25574255482155195,True,huber_inlier
GAS,Alpine,53,3,MEDIUM,16.0,88.72000122070312,0.0,1.0,0.0,1.0,1.0,90.38400122070313,90.39640091091502,-0.012399690211893244,True,huber_inlier
GAS,Alpine,55,3,MEDIUM,18.0,89.23300170898438,0.047004047112111126,0.9529959528878889,0.0,1.0,0.9082012862206953,90.96100170898437,90.55618593350742,0.4048157754769477,False,huber_downweighted_outlier
GAS,Alpine,57,3,MEDIUM,20.0,88.90799713134766,0.09365843032338896,0.9063415696766111,0.0,1.0,0.8214550409238632,90.69999713134766,90.71393244679672,-0.013935315449060681,True,huber_inlier
HAD,Racing Bulls,13,1,MEDIUM,13.0,91.06400299072266,0.0,1.0,0.0,1.0,1.0,91.44800299072266,91.35648443470595,0.09151855601670889,True,huber_inlier
HAD,Racing Bulls,16,2,HARD,2.0,89.83899688720703,0.0077804584200363005,0.9922195415799637,0.0,1.0,0.9844996186931534,90.31899688720704,90.53179289040668,-0.21279600319964231,True,huber_inlier
HAD,Racing Bulls,17,2,HARD,3.0,90.14199829101562,0.0,1.0,0.0,1.0,1.0,90.65399829101563,90.55789484531613,0.09610344569949802,True,huber_inlier
HAD,Racing Bulls,18,2,HARD,4.0,89.86900329589844,0.0,1.0,0.0,1.0,1.0,90.41300329589843,90.58348717289981,-0.17048387700137368,True,huber_inlier
HAD,Racing Bulls,19,2,HARD,5.0,90.47799682617188,0.0036310260384736152,0.9963689739615263,0.0,1.0,0.9927511322731448,91.05399682617187,90.60856987315772,0.4454269530141488,False,huber_downweighted_outlier
HAD,Racing Bulls,20,2,HARD,6.0,90.02799987792969,0.008096983458405344,0.9919030165415946,0.0,1.0,0.9838715942243149,90.63599987792969,90.63314294608985,0.0028569318398439236,True,huber_inlier
HAD,Racing Bulls,21,2,HARD,7.0,90.30500030517578,0.0,1.0,0.0,1.0,1.0,90.94500030517578,90.65720639169619,0.2877939134795895,True,huber_inlier
HAD,Racing Bulls,22,2,HARD,8.0,89.78800201416016,0.009897906903449018,0.990102093096551,0.0,1.0,0.9803021547541713,90.46000201416015,90.68076020997678,-0.2207581958166287,True,huber_inlier
HAD,Racing Bulls,35,2,HARD,21.0,90.1969985961914,0.0,1.0,0.0,1.0,1.0,91.2849985961914,90.94058376097877,0.34441483521263194,False,huber_downweighted_outlier
HAD,Racing Bulls,36,2,HARD,22.0,89.62300109863281,0.0,1.0,0.0,1.0,1.0,90.74300109863282,90.9570027966985,-0.2140016980656867,True,huber_inlier
HAD,Racing Bulls,37,2,HARD,23.0,89.447998046875,0.0,1.0,0.0,1.0,1.0,90.599998046875,90.97291220509246,-0.3729141582174549,False,huber_downweighted_outlier
HAD,Racing Bulls,40,2,HARD,26.0,89.87899780273438,0.0,1.0,0.0,1.0,1.0,91.12699780273438,91.01758266631967,0.1094151364147109,True,huber_inlier
HAD,Racing Bulls,42,2,HARD,28.0,89.51499938964844,0.0,1.0,0.0,1.0,1.0,90.82699938964844,91.04481483717561,-0.21781544752717252,True,huber_inlier
HAD,Racing Bulls,43,2,HARD,29.0,89.625,0.01052784069903111,0.9894721593009689,0.0,1.0,0.9790551540317219,90.969,91.0576664816149,-0.08866648161490787,True,huber_inlier
HAD,Racing Bulls,55,2,HARD,41.0,89.5989990234375,0.0,1.0,0.0,1.0,1.0,91.3269990234375,91.17213528347611,0.15486373996138525,True,huber_inlier
HAD,Racing Bulls,56,2,HARD,42.0,89.45099639892578,0.0,1.0,0.0,1.0,1.0,91.21099639892579,91.17836177268035,0.032634626245439335,True,huber_inlier
HAM,Ferrari,10,2,HARD,2.0,88.51699829101562,0.0,1.0,0.0,1.0,1.0,88.80499829101562,89.64841552653374,-0.8434172355181175,False,huber_downweighted_outlier
HAM,Ferrari,11,2,HARD,3.0,89.02200317382812,0.0,1.0,0.0,1.0,1.0,89.34200317382812,89.6707881209177,-0.32878494708958783,True,huber_inlier
HAM,Ferrari,12,2,HARD,4.0,89.5979995727539,0.0,1.0,0.0,1.0,1.0,89.94999957275391,89.6926510879759,0.25734848477800654,True,huber_inlier
HAM,Ferrari,13,2,HARD,5.0,89.4729995727539,0.0,1.0,0.0,1.0,1.0,89.8569995727539,89.71400442770832,0.14299514504558886,True,huber_inlier
HAM,Ferrari,14,2,HARD,6.0,89.2760009765625,0.010200544082991073,0.9897994559170089,0.0,1.0,0.9797029629336068,89.6920009765625,89.73484814011496,-0.04284716355246587,True,huber_inlier
HAM,Ferrari,58,3,MEDIUM,27.0,89.51100158691406,0.04572270871796321,0.9542772912820368,0.0,1.0,0.9106451486565812,91.33500158691406,90.47565051906241,0.859351067851648,False,huber_downweighted_outlier
LAW,Racing Bulls,17,1,MEDIUM,17.0,91.34300231933594,0.0313644447191281,0.9686355552808719,0.0,1.0,0.938254838954283,91.85500231933594,91.48183320992449,0.37316910941144954,False,huber_downweighted_outlier
LAW,Racing Bulls,23,2,HARD,2.0,89.82599639892578,0.0,1.0,0.0,1.0,1.0,90.52999639892577,90.20006454476156,0.3299318541642151,True,huber_inlier
LAW,Racing Bulls,24,2,HARD,3.0,89.26000213623047,0.0,1.0,0.0,1.0,1.0,89.99600213623047,90.23051742028409,-0.23451528405361444,True,huber_inlier
LAW,Racing Bulls,25,2,HARD,4.0,89.49800109863281,0.0,1.0,0.0,1.0,1.0,90.26600109863281,90.26046066848083,0.005540430151981468,True,huber_inlier
LAW,Racing Bulls,26,2,HARD,5.0,89.33699798583984,0.0,1.0,0.0,1.0,1.0,90.13699798583984,90.2898942893518,-0.15289630351196593,True,huber_inlier
LAW,Racing Bulls,27,2,HARD,6.0,89.5009994506836,0.0,1.0,0.0,1.0,1.0,90.33299945068359,90.318818282897,0.014181167786588844,True,huber_inlier
LAW,Racing Bulls,28,2,HARD,7.0,89.55400085449219,0.0,1.0,0.0,1.0,1.0,90.41800085449219,90.34723264911642,0.07076820537577078,True,huber_inlier
LAW,Racing Bulls,29,2,HARD,8.0,89.66500091552734,0.0,1.0,0.0,1.0,1.0,90.56100091552734,90.37513738801006,0.1858635275172844,True,huber_inlier
LAW,Racing Bulls,30,2,HARD,9.0,89.5999984741211,0.0,1.0,0.0,1.0,1.0,90.52799847412109,90.40253249957794,0.12546597454314679,True,huber_inlier
LAW,Racing Bulls,31,2,HARD,10.0,89.41600036621094,0.0,1.0,0.0,1.0,1.0,90.37600036621093,90.42941798382003,-0.053417617609099466,True,huber_inlier
LAW,Racing Bulls,32,2,HARD,11.0,89.15799713134766,0.0,1.0,0.0,1.0,1.0,90.14999713134766,90.45579384073636,-0.3057967093887015,True,huber_inlier
LAW,Racing Bulls,34,2,HARD,13.0,89.4990005493164,0.06454673602641026,0.9354532639735897,0.0,1.0,0.8750728090788426,90.5550005493164,90.50701667259167,0.0479838767247287,True,huber_inlier
LAW,Racing Bulls,35,2,HARD,14.0,89.26000213623047,0.0,1.0,0.0,1.0,1.0,90.34800213623046,90.53186364753067,-0.18386151130020778,True,huber_inlier
LAW,Racing Bulls,36,2,HARD,15.0,89.35299682617188,0.0,1.0,0.0,1.0,1.0,90.47299682617188,90.5562009951439,-0.0832041689720171,True,huber_inlier
LAW,Racing Bulls,37,2,HARD,16.0,89.61599731445312,0.0,1.0,0.0,1.0,1.0,90.76799731445313,90.58002871543134,0.18796859902178653,True,huber_inlier
LAW,Racing Bulls,40,2,HARD,19.0,89.81400299072266,0.031287905104006156,0.9687120948959939,0.0,1.0,0.938403122797785,91.06200299072266,90.64845411233904,0.4135488783836223,False,huber_downweighted_outlier
LAW,Racing Bulls,45,2,HARD,24.0,89.76200103759766,0.09297435251154637,0.9070256474884536,0.0,1.0,0.8226955252018485,91.17000103759766,90.75230389400302,0.41769714359463705,False,huber_downweighted_outlier
LAW,Racing Bulls,48,2,HARD,27.0,89.31900024414062,0.0,1.0,0.0,1.0,1.0,90.82300024414063,90.80849823509212,0.014502009048513287,True,huber_inlier
LAW,Racing Bulls,49,2,HARD,28.0,89.00900268554688,0.0,1.0,0.0,1.0,1.0,90.54500268554688,90.82621042747026,-0.2812077419233816,True,huber_inlier
LAW,Racing Bulls,50,2,HARD,29.0,88.98999786376953,0.0,1.0,0.0,1.0,1.0,90.55799786376953,90.84341299252263,-0.28541512875310104,True,huber_inlier
LAW,Racing Bulls,51,2,HARD,30.0,89.00800323486328,0.0,1.0,0.0,1.0,1.0,90.60800323486328,90.86010593024923,-0.25210269538595753,True,huber_inlier
LAW,Racing Bulls,52,2,HARD,31.0,89.12100219726562,0.0,1.0,0.0,1.0,1.0,90.75300219726563,90.87628924065005,-0.12328704338442265,True,huber_inlier
LAW,Racing Bulls,54,2,HARD,33.0,89.375,0.0,1.0,0.0,1.0,1.0,91.071,90.90712697947438,0.1638730205256138,True,huber_inlier
LAW,Racing Bulls,55,2,HARD,34.0,89.20600128173828,0.0,1.0,0.0,1.0,1.0,90.93400128173828,90.92178140789788,0.012219873840393802,True,huber_inlier
LAW,Racing Bulls,56,2,HARD,35.0,89.18900299072266,0.0,1.0,0.0,1.0,1.0,90.94900299072266,90.9359262089956,0.013076781727065168,True,huber_inlier
LAW,Racing Bulls,57,2,HARD,36.0,89.02200317382812,0.0,1.0,0.0,1.0,1.0,90.81400317382813,90.94956138276754,-0.13555820893941473,True,huber_inlier
LEC,Ferrari,25,2,HARD,9.0,88.1709976196289,0.03045294886253546,0.9695470511374645,0.0,1.0,0.9400214843693533,88.9389976196289,89.15896394659683,-0.21996632696792062,True,huber_inlier
LEC,Ferrari,30,2,HARD,14.0,88.47100067138672,0.15590462486238033,0.8440953751376197,0.0,1.0,0.7124970023287189,89.39900067138672,89.27275609236004,0.1262445790266753,True,huber_inlier
LEC,Ferrari,31,2,HARD,15.0,88.5479965209961,0.0,1.0,0.0,1.0,1.0,89.50799652099609,89.29398563953535,0.21401088146073732,True,huber_inlier
LEC,Ferrari,32,2,HARD,16.0,88.85399627685547,0.0,1.0,0.0,1.0,1.0,89.84599627685547,89.31470555938489,0.5312907174705828,False,huber_downweighted_outlier
LEC,Ferrari,33,2,HARD,17.0,88.66400146484375,0.0,1.0,0.0,1.0,1.0,89.68800146484375,89.33491585190866,0.35308561293508944,False,huber_downweighted_outlier
LEC,Ferrari,34,2,HARD,18.0,88.58000183105469,0.0,1.0,0.0,1.0,1.0,89.63600183105468,89.35461651710665,0.2813853139480358,True,huber_inlier
LEC,Ferrari,35,2,HARD,19.0,88.4530029296875,0.0,1.0,0.0,1.0,1.0,89.5410029296875,89.37380755497887,0.16719537470862633,True,huber_inlier
LEC,Ferrari,36,2,HARD,20.0,88.3030014038086,0.0,1.0,0.0,1.0,1.0,89.4230014038086,89.39248896552532,0.03051243828328154,True,huber_inlier
LEC,Ferrari,37,2,HARD,21.0,88.3499984741211,0.0,1.0,0.0,1.0,1.0,89.5019984741211,89.41066074874598,0.0913377253751122,True,huber_inlier
LEC,Ferrari,38,2,HARD,22.0,88.1520004272461,0.0,1.0,0.0,1.0,1.0,89.33600042724609,89.42832290464086,-0.09232247739477373,True,huber_inlier
LEC,Ferrari,43,3,MEDIUM,7.0,86.91899871826172,0.0,1.0,0.0,1.0,1.0,88.26299871826171,88.47144400359605,-0.20844528533433504,True,huber_inlier
LEC,Ferrari,44,3,MEDIUM,8.0,86.84700012207031,0.0,1.0,0.0,1.0,1.0,88.22300012207032,88.55555641439953,-0.33255629232921535,True,huber_inlier
LEC,Ferrari,45,3,MEDIUM,9.0,86.7249984741211,0.0,1.0,0.0,1.0,1.0,88.1329984741211,88.63915919787725,-0.5061607237561532,False,huber_downweighted_outlier
LEC,Ferrari,46,3,MEDIUM,10.0,86.85600280761719,0.0,1.0,0.0,1.0,1.0,88.29600280761719,88.72225235402918,-0.4262495464119951,False,huber_downweighted_outlier
LEC,Ferrari,47,3,MEDIUM,11.0,86.9739990234375,0.0,1.0,0.0,1.0,1.0,88.4459990234375,88.80483588285534,-0.35883685941784904,False,huber_downweighted_outlier
LEC,Ferrari,48,3,MEDIUM,12.0,86.84500122070312,0.0,1.0,0.0,1.0,1.0,88.34900122070313,88.88690978435572,-0.5379085636525929,False,huber_downweighted_outlier
LEC,Ferrari,49,3,MEDIUM,13.0,86.93599700927734,0.0,1.0,0.0,1.0,1.0,88.47199700927735,88.96847405853033,-0.49647704925298797,False,huber_downweighted_outlier
LEC,Ferrari,50,3,MEDIUM,14.0,87.21299743652344,0.0,1.0,0.0,1.0,1.0,88.78099743652344,89.04952870537916,-0.26853126885572465,True,huber_inlier
LEC,Ferrari,51,3,MEDIUM,15.0,87.3759994506836,0.0,1.0,0.0,1.0,1.0,88.97599945068359,89.13007372490222,-0.15407427421862963,True,huber_inlier
LEC,Ferrari,53,3,MEDIUM,17.0,89.00499725341797,0.0,1.0,0.0,1.0,1.0,90.66899725341797,89.28963488197101,1.379362371446959,False,huber_downweighted_outlier
LEC,Ferrari,54,3,MEDIUM,18.0,88.29100036621094,0.0,1.0,0.0,1.0,1.0,89.98700036621094,89.36865101951675,0.6183493466941883,False,huber_downweighted_outlier
LEC,Ferrari,55,3,MEDIUM,19.0,88.19499969482422,0.0,1.0,0.0,1.0,1.0,89.92299969482421,89.4471575297367,0.47584216508751354,False,huber_downweighted_outlier
LEC,Ferrari,56,3,MEDIUM,20.0,87.46399688720703,0.0,1.0,0.0,1.0,1.0,89.22399688720704,89.52515441263088,-0.30115752542384655,True,huber_inlier
LEC,Ferrari,57,3,MEDIUM,21.0,88.16500091552734,0.0,1.0,0.0,1.0,1.0,89.95700091552735,89.6026416681993,0.35435924732804835,False,huber_downweighted_outlier
LEC,Ferrari,58,3,MEDIUM,22.0,88.27300262451172,0.0,1.0,0.0,1.0,1.0,90.09700262451172,89.67961929644193,0.4173833280697892,False,huber_downweighted_outlier
NOR,McLaren,12,1,MEDIUM,12.0,89.68199920654297,0.029851907362999787,0.9701480926370002,0.0,1.0,0.9411873216472095,90.03399920654297,89.79413400607204,0.23986520047093052,True,huber_inlier
NOR,McLaren,13,1,MEDIUM,13.0,89.74500274658203,0.0,1.0,0.0,1.0,1.0,90.12900274658203,89.85332211709373,0.2756806294883063,True,huber_inlier
NOR,McLaren,14,1,MEDIUM,14.0,90.06099700927734,0.0,1.0,0.0,1.0,1.0,90.47699700927734,89.91200060078964,0.5649964084877013,False,huber_downweighted_outlier
NOR,McLaren,15,1,MEDIUM,15.0,89.58999633789062,0.0,1.0,0.0,1.0,1.0,90.03799633789062,89.97016945715977,0.06782688073084842,True,huber_inlier
NOR,McLaren,20,2,HARD,4.0,89.52799987792969,0.011030929368666472,0.9889690706313335,0.0,1.0,0.9780598226654036,90.13599987792969,89.01529730947581,1.1207025684538792,False,huber_downweighted_outlier
NOR,McLaren,21,2,HARD,5.0,89.13300323486328,0.1824384872990797,0.8175615127009204,0.0,1.0,0.6684068270498171,89.77300323486328,89.04162312990888,0.7313801049543969,False,huber_downweighted_outlier
NOR,McLaren,24,2,HARD,8.0,88.875,0.0,1.0,0.0,1.0,1.0,89.611,89.11754282725343,0.49345717274657375,False,huber_downweighted_outlier
NOR,McLaren,25,2,HARD,9.0,88.3550033569336,0.0,1.0,0.0,1.0,1.0,89.1230033569336,89.1418301383834,-0.01882678144980332,True,huber_inlier
NOR,McLaren,26,2,HARD,10.0,88.48600006103516,0.0,1.0,0.0,1.0,1.0,89.28600006103515,89.16560782218758,0.12039223884757178,True,huber_inlier
NOR,McLaren,27,2,HARD,11.0,87.99800109863281,0.0,1.0,0.0,1.0,1.0,88.8300010986328,89.188875878666,-0.3588747800331902,False,huber_downweighted_outlier
NOR,McLaren,28,2,HARD,12.0,88.2020034790039,0.0,1.0,0.0,1.0,1.0,89.06600347900391,89.21163430781864,-0.14563082881473122,True,huber_inlier
NOR,McLaren,29,2,HARD,13.0,88.13200378417969,0.0,1.0,0.0,1.0,1.0,89.02800378417969,89.2338831096455,-0.20587932546581555,True,huber_inlier
NOR,McLaren,30,2,HARD,14.0,88.06600189208984,0.0,1.0,0.0,1.0,1.0,88.99400189208984,89.2556222841466,-0.2616203920567557,True,huber_inlier
NOR,McLaren,31,2,HARD,15.0,88.15299987792969,0.0,1.0,0.0,1.0,1.0,89.11299987792968,89.27685183132192,-0.16385195339223912,True,huber_inlier
NOR,McLaren,32,2,HARD,16.0,88.3740005493164,0.0,1.0,0.0,1.0,1.0,89.36600054931641,89.29757175117146,0.06842879814495006,True,huber_inlier
NOR,McLaren,33,2,HARD,17.0,88.08100128173828,0.0,1.0,0.0,1.0,1.0,89.10500128173828,89.31778204369522,-0.2127807619569353,True,huber_inlier
NOR,McLaren,34,2,HARD,18.0,88.10800170898438,0.0,1.0,0.0,1.0,1.0,89.16400170898437,89.33748270889322,-0.1734809999088469,True,huber_inlier
NOR,McLaren,35,2,HARD,19.0,87.97100067138672,0.0,1.0,0.0,1.0,1.0,89.05900067138671,89.35667374676544,-0.2976730753787251,True,huber_inlier
NOR,McLaren,36,2,HARD,20.0,87.84100341796875,0.0,1.0,0.0,1.0,1.0,88.96100341796875,89.37535515731187,-0.4143517393431182,False,huber_downweighted_outlier
NOR,McLaren,37,2,HARD,21.0,87.81400299072266,0.0,1.0,0.0,1.0,1.0,88.96600299072266,89.39352694053254,-0.4275239498098813,False,huber_downweighted_outlier
NOR,McLaren,38,2,HARD,22.0,87.99800109863281,0.0,1.0,0.0,1.0,1.0,89.18200109863281,89.41118909642744,-0.22918799779462518,True,huber_inlier
NOR,McLaren,39,2,HARD,23.0,88.06800079345703,0.0,1.0,0.0,1.0,1.0,89.28400079345703,89.42834162499655,-0.14434083153952315,True,huber_inlier
NOR,McLaren,42,3,HARD,2.0,88.19100189208984,0.0,1.0,0.0,1.0,1.0,89.50300189208984,88.34487810001252,1.158123792077319,False,huber_downweighted_outlier
NOR,McLaren,43,3,HARD,3.0,87.8290023803711,0.0,1.0,0.0,1.0,1.0,89.17300238037109,88.38714061719908,0.785861763172008,False,huber_downweighted_outlier
NOR,McLaren,44,3,HARD,4.0,86.83399963378906,0.0,1.0,0.0,1.0,1.0,88.20999963378907,88.42889350705987,-0.218893873270801,True,huber_inlier
NOR,McLaren,45,3,HARD,5.0,86.9530029296875,0.0,1.0,0.0,1.0,1.0,88.3610029296875,88.47013676959489,-0.10913383990738623,True,huber_inlier
NOR,McLaren,46,3,HARD,6.0,87.0739974975586,0.0,1.0,0.0,1.0,1.0,88.51399749755859,88.51087040480412,0.003127092754468208,True,huber_inlier
NOR,McLaren,47,3,HARD,7.0,86.86699676513672,0.0,1.0,0.0,1.0,1.0,88.33899676513671,88.55109441268759,-0.2120976475508769,True,huber_inlier
NOR,McLaren,48,3,HARD,8.0,86.81800079345703,0.0,1.0,0.0,1.0,1.0,88.32200079345704,88.59080879324529,-0.2688079997882511,True,huber_inlier
NOR,McLaren,49,3,HARD,9.0,86.90699768066406,0.0,1.0,0.0,1.0,1.0,88.44299768066406,88.6300135464772,-0.18701586581313734,True,huber_inlier
NOR,McLaren,50,3,HARD,10.0,86.96800231933594,0.0,1.0,0.0,1.0,1.0,88.53600231933594,88.66870867238333,-0.13270635304739642,True,huber_inlier
NOR,McLaren,51,3,HARD,11.0,87.2770004272461,0.0,1.0,0.0,1.0,1.0,88.87700042724609,88.70689417096371,0.17010625628238074,True,huber_inlier
NOR,McLaren,52,3,HARD,12.0,86.8949966430664,0.0,1.0,0.0,1.0,1.0,88.52699664306641,88.74457004221829,-0.21757339915187401,True,huber_inlier
NOR,McLaren,53,3,HARD,13.0,87.08000183105469,0.0,1.0,0.0,1.0,1.0,88.74400183105469,88.78173628614711,-0.03773445509241924,True,huber_inlier
NOR,McLaren,54,3,HARD,14.0,87.14399719238281,0.0,1.0,0.0,1.0,1.0,88.83999719238281,88.81839290275015,0.0216042896326627,True,huber_inlier
NOR,McLaren,55,3,HARD,15.0,87.9749984741211,0.0,1.0,0.0,1.0,1.0,89.70299847412109,88.85453989202742,0.8484585820936701,False,huber_downweighted_outlier
NOR,McLaren,56,3,HARD,16.0,88.22599792480469,0.0,1.0,0.0,1.0,1.0,89.98599792480469,88.8901772539789,1.0958206708257876,False,huber_downweighted_outlier
NOR,McLaren,57,3,HARD,17.0,88.43499755859375,0.0,1.0,0.0,1.0,1.0,90.22699755859375,88.92530498860461,1.301692569989143,False,huber_downweighted_outlier
NOR,McLaren,58,3,HARD,18.0,88.98699951171875,0.0,1.0,0.0,1.0,1.0,90.81099951171875,88.95992309590456,1.851076415814191,False,huber_downweighted_outlier
OCO,Haas F1 Team,15,1,MEDIUM,15.0,90.24600219726562,0.0032310182948146666,0.9967689817051854,0.0,1.0,0.9935484028895921,90.69400219726562,91.02380410124587,-0.329801903980254,True,huber_inlier
OCO,Haas F1 Team,16,1,MEDIUM,16.0,90.8270034790039,0.016931075401132024,0.983068924598868,0.0,1.0,0.9664245105119748,91.30700347900391,91.08146333029023,0.22554014871367656,True,huber_inlier
OCO,Haas F1 Team,17,1,MEDIUM,17.0,90.94999694824219,0.01594203021468017,0.9840579697853198,0.0,1.0,0.9683700878980054,91.46199694824219,91.13861293200881,0.3233840162333763,True,huber_inlier
OCO,Haas F1 Team,18,1,MEDIUM,18.0,91.01399993896484,0.0,1.0,0.0,1.0,1.0,91.55799993896484,91.19525290640163,0.36274703256320606,False,huber_downweighted_outlier
OCO,Haas F1 Team,53,2,HARD,34.0,89.23200225830078,0.14590863434604054,0.8540913656539595,0.0,1.0,0.7294720608846456,90.89600225830078,90.6000794696633,0.29592278863748334,True,huber_inlier
OCO,Haas F1 Team,54,2,HARD,35.0,88.66200256347656,0.0,1.0,0.0,1.0,1.0,90.35800256347656,90.61298115058585,-0.2549785871092922,True,huber_inlier
OCO,Haas F1 Team,55,2,HARD,36.0,88.71900177001953,0.0,1.0,0.0,1.0,1.0,90.44700177001953,90.62537320418264,-0.17837143416311108,True,huber_inlier
OCO,Haas F1 Team,56,2,HARD,37.0,88.65499877929688,0.0,1.0,0.0,1.0,1.0,90.41499877929688,90.63725563045365,-0.22225685115677152,True,huber_inlier
OCO,Haas F1 Team,57,2,HARD,38.0,88.75,0.0,1.0,0.0,1.0,1.0,90.542,90.64862842939888,-0.10662842939888151,True,huber_inlier
PIA,McLaren,5,1,HARD,5.0,89.75800323486328,0.0,1.0,0.0,1.0,1.0,89.88600323486328,89.91590435245108,-0.0299011175877979,True,huber_inlier
PIA,McLaren,6,1,HARD,6.0,89.78700256347656,0.011633354091428775,0.9883666459085713,0.0,1.0,0.9768686267445591,89.94700256347656,89.93177558415707,0.015226979319493239,True,huber_inlier
PIA,McLaren,7,1,HARD,7.0,89.56800079345703,0.0,1.0,0.0,1.0,1.0,89.76000079345702,89.94713718853728,-0.18713639508025892,True,huber_inlier
PIA,McLaren,8,1,HARD,8.0,89.49600219726562,0.0,1.0,0.0,1.0,1.0,89.72000219726563,89.96198916559173,-0.24198696832610267,True,huber_inlier
PIA,McLaren,11,1,HARD,11.0,89.46600341796875,0.0,1.0,0.0,1.0,1.0,89.78600341796874,90.0034873328004,-0.21748391483166074,True,huber_inlier
PIA,McLaren,23,1,HARD,23.0,89.51499938964844,0.007195009952809157,0.9928049900471908,0.0,1.0,0.9856617482626027,90.21899938964843,90.12361354231535,0.09538584733307687,True,huber_inlier
PIA,McLaren,24,1,HARD,24.0,89.43499755859375,0.005415001532926678,0.9945849984670734,0.0,1.0,0.9891993191757483,90.17099755859375,90.1303114821574,0.040686076436358576,True,huber_inlier
PIA,McLaren,25,1,HARD,25.0,89.26100158691406,0.0,1.0,0.0,1.0,1.0,90.02900158691406,90.13649979467367,-0.10749820775960472,True,huber_inlier
PIA,McLaren,26,1,HARD,26.0,89.49199676513672,0.0,1.0,0.0,1.0,1.0,90.29199676513672,90.14217847986416,0.14981828527255914,True,huber_inlier
PIA,McLaren,27,1,HARD,27.0,89.29900360107422,0.0,1.0,0.0,1.0,1.0,90.13100360107421,90.14734753772888,-0.01634393665466405,True,huber_inlier
PIA,McLaren,28,1,HARD,28.0,89.00399780273438,0.0,1.0,0.0,1.0,1.0,89.86799780273438,90.15200696826781,-0.28400916553343336,True,huber_inlier
PIA,McLaren,29,1,HARD,29.0,88.927001953125,0.0,1.0,0.0,1.0,1.0,89.823001953125,90.15615677148098,-0.33315481835597893,True,huber_inlier
PIA,McLaren,31,1,HARD,31.0,88.98300170898438,0.0,1.0,0.0,1.0,1.0,89.94300170898437,90.16292749592999,-0.21992578694562326,True,huber_inlier
PIA,McLaren,32,1,HARD,32.0,89.0009994506836,0.0,1.0,0.0,1.0,1.0,89.9929994506836,90.16554841716584,-0.17254896648223905,True,huber_inlier
PIA,McLaren,33,1,HARD,33.0,89.00199890136719,0.0,1.0,0.0,1.0,1.0,90.02599890136719,90.16765971107591,-0.14166080970872486,True,huber_inlier
PIA,McLaren,34,1,HARD,34.0,89.31300354003906,0.0,1.0,0.0,1.0,1.0,90.36900354003906,90.1692613776602,0.199742162378854,True,huber_inlier
PIA,McLaren,35,1,HARD,35.0,89.177001953125,0.0,1.0,0.0,1.0,1.0,90.265001953125,90.17035341691872,0.09464853620627878,True,huber_inlier
PIA,McLaren,36,1,HARD,36.0,89.00900268554688,0.0,1.0,0.0,1.0,1.0,90.12900268554688,90.17093582885146,-0.04193314330457554,True,huber_inlier
PIA,McLaren,37,1,HARD,37.0,89.1259994506836,0.0,1.0,0.0,1.0,1.0,90.2779994506836,90.17100861345843,0.10699083722516889,True,huber_inlier
PIA,McLaren,38,1,HARD,38.0,89.10600280761719,0.0,1.0,0.0,1.0,1.0,90.29000280761718,90.17057177073963,0.11943103687755752,True,huber_inlier
PIA,McLaren,39,1,HARD,39.0,89.26000213623047,0.0,1.0,0.0,1.0,1.0,90.47600213623046,90.16962530069505,0.30637683553541706,True,huber_inlier
PIA,McLaren,40,1,HARD,40.0,89.38800048828125,0.0,1.0,0.0,1.0,1.0,90.63600048828125,90.16816920332468,0.4678312849565742,False,huber_downweighted_outlier
PIA,McLaren,43,2,MEDIUM,2.0,87.36900329589844,0.0,1.0,0.0,1.0,1.0,88.71300329589843,88.22474366400434,0.4882596318940955,False,huber_downweighted_outlier
PIA,McLaren,44,2,MEDIUM,3.0,86.76499938964844,0.0,1.0,0.0,1.0,1.0,88.14099938964844,88.3145120118746,-0.1735126222261556,True,huber_inlier
PIA,McLaren,45,2,MEDIUM,4.0,87.39199829101562,0.0,1.0,0.0,1.0,1.0,88.79999829101563,88.40377073241909,0.3962275585965358,False,huber_downweighted_outlier
PIA,McLaren,46,2,MEDIUM,5.0,86.96499633789062,0.0,1.0,0.0,1.0,1.0,88.40499633789062,88.4925198256378,-0.08752348774717689,True,huber_inlier
PIA,McLaren,47,2,MEDIUM,6.0,86.99400329589844,0.0,1.0,0.0,1.0,1.0,88.46600329589843,88.58075929153074,-0.11475599563230787,True,huber_inlier
PIA,McLaren,48,2,MEDIUM,7.0,87.02200317382812,0.0,1.0,0.0,1.0,1.0,88.52600317382813,88.66848913009791,-0.14248595626978044,True,huber_inlier
PIA,McLaren,49,2,MEDIUM,8.0,87.11199951171875,0.0,1.0,0.0,1.0,1.0,88.64799951171875,88.7557093413393,-0.10770982962054632,True,huber_inlier
PIA,McLaren,50,2,MEDIUM,9.0,87.03900146484375,0.0,1.0,0.0,1.0,1.0,88.60700146484375,88.84241992525492,-0.23541846041116798,True,huber_inlier
PIA,McLaren,51,2,MEDIUM,10.0,87.31199645996094,0.0,1.0,0.0,1.0,1.0,88.91199645996093,88.92862088184475,-0.01662442188381874,True,huber_inlier
PIA,McLaren,52,2,MEDIUM,11.0,87.49800109863281,0.0,1.0,0.0,1.0,1.0,89.13000109863282,89.01431221110882,0.11568888752400142,True,huber_inlier
PIA,McLaren,53,2,MEDIUM,12.0,87.5270004272461,0.0,1.0,0.0,1.0,1.0,89.1910004272461,89.0994939130471,0.09150651419899702,True,huber_inlier
PIA,McLaren,54,2,MEDIUM,13.0,87.74400329589844,0.0,1.0,0.0,1.0,1.0,89.44000329589844,89.18416598765961,0.25583730823882433,True,huber_inlier
PIA,McLaren,55,2,MEDIUM,14.0,87.79000091552734,0.0,1.0,0.0,1.0,1.0,89.51800091552734,89.26832843494635,0.24967248058098335,True,huber_inlier
RUS,Mercedes,10,1,MEDIUM,10.0,90.00599670410156,0.0,1.0,0.0,1.0,1.0,90.29399670410156,90.54676835968874,-0.25277165558718195,True,huber_inlier
RUS,Mercedes,11,1,MEDIUM,11.0,90.04399871826172,0.0,1.0,0.0,1.0,1.0,90.36399871826171,90.60697572536196,-0.24297700710025083,True,huber_inlier
RUS,Mercedes,12,1,MEDIUM,12.0,90.09500122070312,0.0,1.0,0.0,1.0,1.0,90.44700122070313,90.66667346370943,-0.2196722430063005,True,huber_inlier
RUS,Mercedes,13,1,MEDIUM,13.0,90.05999755859375,0.17298116984563056,0.8270188301543695,0.0,1.0,0.6839601454299019,90.44399755859375,90.72586157473111,-0.2818640161373622,True,huber_inlier
RUS,Mercedes,16,2,HARD,2.0,88.64800262451172,0.005981145604913152,0.9940188543950869,0.0,1.0,0.9880734828929209,89.12800262451172,89.90117003043184,-0.7731674059201197,False,huber_downweighted_outlier
RUS,Mercedes,22,2,HARD,8.0,89.39900207519531,0.0,1.0,0.0,1.0,1.0,90.07100207519531,90.05013735000195,0.020864725193362688,True,huber_inlier
RUS,Mercedes,23,2,HARD,9.0,89.64800262451172,0.0,1.0,0.0,1.0,1.0,90.35200262451171,90.07318154095675,0.27882108355495916,True,huber_inlier
RUS,Mercedes,24,2,HARD,10.0,89.58899688720703,0.0,1.0,0.0,1.0,1.0,90.32499688720704,90.09571610458578,0.2292807826212595,True,huber_inlier
RUS,Mercedes,25,2,HARD,11.0,89.31999969482422,0.07965432784533565,0.9203456721546643,0.0,1.0,0.8470361562538209,90.08799969482422,90.11774104088903,-0.02974134606481016,True,huber_inlier
RUS,Mercedes,30,2,HARD,16.0,89.01000213623047,0.0,1.0,0.0,1.0,1.0,89.93800213623047,90.22022131251867,-0.2822191762882085,True,huber_inlier
RUS,Mercedes,31,2,HARD,17.0,89.14399719238281,0.0,1.0,0.0,1.0,1.0,90.1039971923828,90.23918848486727,-0.13519129248446404,True,huber_inlier
RUS,Mercedes,32,2,HARD,18.0,89.16600036621094,0.0,1.0,0.0,1.0,1.0,90.15800036621094,90.25764602989011,-0.09964566367916916,True,huber_inlier
RUS,Mercedes,33,2,HARD,19.0,89.697998046875,0.0,1.0,0.0,1.0,1.0,90.721998046875,90.27559394758715,0.44640409928784663,False,huber_downweighted_outlier
RUS,Mercedes,34,2,HARD,20.0,89.48500061035156,0.0,1.0,0.0,1.0,1.0,90.54100061035156,90.29303223795844,0.24796837239311742,True,huber_inlier
RUS,Mercedes,35,2,HARD,21.0,89.40499877929688,0.0,1.0,0.0,1.0,1.0,90.49299877929687,90.30996090100395,0.18303787829292162,True,huber_inlier
RUS,Mercedes,36,2,HARD,22.0,89.37699890136719,0.0,1.0,0.0,1.0,1.0,90.49699890136719,90.32637993672367,0.17061896464352344,True,huber_inlier
RUS,Mercedes,37,2,HARD,23.0,89.3479995727539,0.0,1.0,0.0,1.0,1.0,90.49999957275391,90.34228934511762,0.1577102276362865,True,huber_inlier
RUS,Mercedes,38,2,HARD,24.0,89.06400299072266,0.0,1.0,0.0,1.0,1.0,90.24800299072265,90.3576891261858,-0.10968613546314998,True,huber_inlier
RUS,Mercedes,39,2,HARD,25.0,89.15699768066406,0.0,1.0,0.0,1.0,1.0,90.37299768066406,90.3725792799282,0.00041840073585319715,True,huber_inlier
RUS,Mercedes,40,2,HARD,26.0,89.27799987792969,0.01878900706436153,0.9812109929356385,0.0,1.0,0.9627750126577417,90.52599987792969,90.38695980634483,0.13904007158485854,True,huber_inlier
RUS,Mercedes,41,2,HARD,27.0,89.30000305175781,0.0,1.0,0.0,1.0,1.0,90.58000305175781,90.4008307054357,0.17917234632211887,True,huber_inlier
RUS,Mercedes,43,2,HARD,29.0,89.45700073242188,0.0,1.0,0.0,1.0,1.0,90.80100073242187,90.42704362164008,0.37395711078178806,False,huber_downweighted_outlier
RUS,Mercedes,44,2,HARD,30.0,88.81800079345703,0.0,1.0,0.0,1.0,1.0,90.19400079345704,90.4393856387536,-0.24538484529657012,True,huber_inlier
RUS,Mercedes,45,2,HARD,31.0,89.13200378417969,0.0,1.0,0.0,1.0,1.0,90.54000378417969,90.45121802854136,0.08878575563832669,True,huber_inlier
RUS,Mercedes,46,2,HARD,32.0,88.94400024414062,0.0,1.0,0.0,1.0,1.0,90.38400024414062,90.46254079100333,-0.07854054686271184,True,huber_inlier
RUS,Mercedes,47,2,HARD,33.0,89.06199645996094,0.0,1.0,0.0,1.0,1.0,90.53399645996093,90.47335392613954,0.06064253382139384,True,huber_inlier
RUS,Mercedes,48,2,HARD,34.0,88.9219970703125,0.0,1.0,0.0,1.0,1.0,90.4259970703125,90.48365743394997,-0.05766036363746707,True,huber_inlier
RUS,Mercedes,49,2,HARD,35.0,88.77300262451172,0.0,1.0,0.0,1.0,1.0,90.30900262451172,90.49345131443462,-0.18444868992290253,True,huber_inlier
RUS,Mercedes,50,2,HARD,36.0,89.08799743652344,0.0,1.0,0.0,1.0,1.0,90.65599743652344,90.5027355675935,0.1532618689299312,True,huber_inlier
RUS,Mercedes,51,2,HARD,37.0,88.78900146484375,0.0,1.0,0.0,1.0,1.0,90.38900146484374,90.51151019342662,-0.1225087285828721,True,huber_inlier
RUS,Mercedes,52,2,HARD,38.0,89.04100036621094,0.0,1.0,0.0,1.0,1.0,90.67300036621094,90.51977519193395,0.15322517427699722,True,huber_inlier
RUS,Mercedes,53,2,HARD,39.0,88.83100128173828,0.0,1.0,0.0,1.0,1.0,90.49500128173828,90.5275305631155,-0.03252928137722222,True,huber_inlier
RUS,Mercedes,54,2,HARD,40.0,88.70099639892578,0.0,1.0,0.0,1.0,1.0,90.39699639892578,90.53477630697128,-0.137779908045502,True,huber_inlier
RUS,Mercedes,55,2,HARD,41.0,88.8239974975586,0.0,1.0,0.0,1.0,1.0,90.55199749755859,90.54151242350129,0.010485074057299926,True,huber_inlier
RUS,Mercedes,56,2,HARD,42.0,88.83499908447266,0.0,1.0,0.0,1.0,1.0,90.59499908447266,90.54773891270551,0.04726017176714947,True,huber_inlier
RUS,Mercedes,57,2,HARD,43.0,88.5989990234375,0.0,1.0,0.0,1.0,1.0,90.3909990234375,90.55345577458397,-0.16245675114646474,True,huber_inlier
RUS,Mercedes,58,2,HARD,44.0,88.85299682617188,0.0,1.0,0.0,1.0,1.0,90.67699682617187,90.55866300913665,0.1183338170352215,True,huber_inlier
SAI,Williams,20,2,HARD,2.0,89.21900177001953,0.0,1.0,0.0,1.0,1.0,89.82700177001954,90.0666130662735,-0.23961129625396893,True,huber_inlier
SAI,Williams,21,2,HARD,3.0,89.22000122070312,0.0,1.0,0.0,1.0,1.0,89.86000122070313,90.09520126153329,-0.23520004083016488,True,huber_inlier
SAI,Williams,22,2,HARD,4.0,89.30000305175781,0.0,1.0,0.0,1.0,1.0,89.97200305175781,90.1232798294673,-0.15127677770948367,True,huber_inlier
SAI,Williams,23,2,HARD,5.0,89.44000244140625,0.0,1.0,0.0,1.0,1.0,90.14400244140624,90.15084877007551,-0.006846328669269042,True,huber_inlier
SAI,Williams,24,2,HARD,6.0,89.3270034790039,0.0,1.0,0.0,1.0,1.0,90.06300347900391,90.17790808335796,-0.11490460435405225,True,huber_inlier
SAI,Williams,25,2,HARD,7.0,89.65699768066406,0.0,1.0,0.0,1.0,1.0,90.42499768066406,90.20445776931464,0.22053991134941953,True,huber_inlier
SAI,Williams,26,2,HARD,8.0,89.76599884033203,0.10755525885970432,0.8924447411402957,0.0,1.0,0.7964576159889694,90.56599884033203,90.23049782794556,0.335501012386473,True,huber_inlier
SAI,Williams,34,2,HARD,16.0,89.65599822998047,0.05464285763412428,0.9453571423658758,0.0,1.0,0.8937001266221747,90.71199822998047,90.42047171326487,0.29152651671559227,True,huber_inlier
STR,Aston Martin,23,1,HARD,24.0,89.9729995727539,0.08945319856790085,0.9105468014320992,0.0,1.0,0.8290954775982267,90.6769995727539,90.97290706497101,-0.2959074922171112,True,huber_inlier
STR,Aston Martin,24,1,HARD,25.0,89.97200012207031,0.0,1.0,0.0,1.0,1.0,90.70800012207032,90.97847381739969,-0.2704736953293718,True,huber_inlier
STR,Aston Martin,25,1,HARD,26.0,89.85399627685547,0.0,1.0,0.0,1.0,1.0,90.62199627685547,90.98353094250261,-0.36153466564714165,False,huber_downweighted_outlier
STR,Aston Martin,26,1,HARD,27.0,89.78800201416016,0.0,1.0,0.0,1.0,1.0,90.58800201416015,90.98807844027974,-0.4000764261195826,False,huber_downweighted_outlier
STR,Aston Martin,27,1,HARD,28.0,89.98699951171875,0.0,1.0,0.0,1.0,1.0,90.81899951171874,90.9921163107311,-0.17311679901236232,True,huber_inlier
STR,Aston Martin,29,1,HARD,30.0,89.9260025024414,0.0,1.0,0.0,1.0,1.0,90.8220025024414,90.9986631696565,-0.17666066721508855,True,huber_inlier
STR,Aston Martin,30,1,HARD,31.0,90.17500305175781,0.0,1.0,0.0,1.0,1.0,91.10300305175781,91.00117215813054,0.10183089362726605,True,huber_inlier
STR,Aston Martin,32,1,HARD,33.0,90.23899841308594,0.0,1.0,0.0,1.0,1.0,91.23099841308594,91.00466125310129,0.2263371599846522,True,huber_inlier
STR,Aston Martin,33,1,HARD,34.0,89.97200012207031,0.01036718071349771,0.9896328192865023,0.0,1.0,0.9793731170089508,90.99600012207031,91.005641359598,-0.009641237527688418,True,huber_inlier
STR,Aston Martin,34,1,HARD,35.0,89.82599639892578,0.0,1.0,0.0,1.0,1.0,90.88199639892578,91.00611183876893,-0.12411543984315188,True,huber_inlier
STR,Aston Martin,35,1,HARD,36.0,90.00399780273438,0.0,1.0,0.0,1.0,1.0,91.09199780273437,91.0060726906141,0.08592511212026466,True,huber_inlier
STR,Aston Martin,36,1,HARD,37.0,90.00299835205078,0.0,1.0,0.0,1.0,1.0,91.12299835205079,91.00552391513348,0.11747443691730552,True,huber_inlier
STR,Aston Martin,37,1,HARD,38.0,89.83999633789062,0.0,1.0,0.0,1.0,1.0,90.99199633789063,91.0044655123271,-0.012469174436475328,True,huber_inlier
STR,Aston Martin,38,1,HARD,39.0,89.98500061035156,0.0,1.0,0.0,1.0,1.0,91.16900061035156,91.00289748219494,0.16610312815662098,True,huber_inlier
STR,Aston Martin,39,1,HARD,40.0,90.21800231933594,0.0,1.0,0.0,1.0,1.0,91.43400231933593,91.000819824737,0.4331824945989382,False,huber_downweighted_outlier
STR,Aston Martin,40,1,HARD,41.0,90.27799987792969,0.0,1.0,0.0,1.0,1.0,91.52599987792969,90.99823253995328,0.5277673379764138,False,huber_downweighted_outlier
STR,Aston Martin,41,1,HARD,42.0,90.02899932861328,0.0,1.0,0.0,1.0,1.0,91.30899932861328,90.9951356278438,0.3138637007694882,True,huber_inlier
TSU,Red Bull Racing,20,1,HARD,20.0,90.09300231933594,0.0,1.0,0.0,1.0,1.0,90.70100231933594,90.98525570364332,-0.2842533843073767,True,huber_inlier
TSU,Red Bull Racing,21,1,HARD,21.0,90.31400299072266,0.0,1.0,0.0,1.0,1.0,90.95400299072266,90.99348252546268,-0.039479534740024746,True,huber_inlier
TSU,Red Bull Racing,22,1,HARD,22.0,90.00399780273438,0.0,1.0,0.0,1.0,1.0,90.67599780273437,91.00119971995628,-0.3252019172219036,True,huber_inlier
TSU,Red Bull Racing,25,1,HARD,25.0,90.0719985961914,0.0,1.0,0.0,1.0,1.0,90.8399985961914,91.0212935394824,-0.18129494329099316,True,huber_inlier
TSU,Red Bull Racing,26,1,HARD,26.0,90.11299896240234,0.0,1.0,0.0,1.0,1.0,90.91299896240234,91.02697222467289,-0.11397326227054805,True,huber_inlier
TSU,Red Bull Racing,27,1,HARD,27.0,90.13999938964844,0.0,1.0,0.0,1.0,1.0,90.97199938964843,91.03214128253761,-0.060141892889177484,True,huber_inlier
TSU,Red Bull Racing,28,1,HARD,28.0,89.9489974975586,0.07283437549612642,0.9271656245038735,0.0,1.0,0.8596360952616577,90.8129974975586,91.03680071307656,-0.223803215517961,True,huber_inlier
TSU,Red Bull Racing,31,1,HARD,31.0,90.05699920654297,0.0,1.0,0.0,1.0,1.0,91.01699920654296,91.04772124073872,-0.030722034195761694,True,huber_inlier
TSU,Red Bull Racing,34,2,MEDIUM,2.0,88.5719985961914,0.0,1.0,0.0,1.0,1.0,89.6279985961914,89.29307756959555,0.33492102659585044,True,huber_inlier
TSU,Red Bull Racing,40,2,MEDIUM,8.0,88.8270034790039,0.0,1.0,0.0,1.0,1.0,90.07500347900391,89.79047900220112,0.2845244768027868,True,huber_inlier
TSU,Red Bull Racing,45,2,MEDIUM,13.0,88.89199829101562,0.0,1.0,0.0,1.0,1.0,90.29999829101563,90.19096544458029,0.1090328464353405,True,huber_inlier
TSU,Red Bull Racing,46,2,MEDIUM,14.0,88.84300231933594,0.0,1.0,0.0,1.0,1.0,90.28300231933594,90.2695338510788,0.01346846825713044,True,huber_inlier
TSU,Red Bull Racing,47,2,MEDIUM,15.0,88.7030029296875,0.12370255049955974,0.8762974495004403,0.0,1.0,0.7678972200009767,90.1750029296875,90.34759263025153,-0.172589700564032,True,huber_inlier
TSU,Red Bull Racing,54,2,MEDIUM,22.0,89.4739990234375,0.02209496111573926,0.9779050388842607,0.0,1.0,0.9562982650752275,91.1699990234375,90.87973451933897,0.29026450409853055,True,huber_inlier
TSU,Red Bull Racing,57,2,MEDIUM,25.0,89.69499969482422,0.0040073536374509305,0.995992646362549,0.0,1.0,0.9920013516082736,91.48699969482422,91.10015091906125,0.38684877576297083,False,huber_downweighted_outlier
VER,Red Bull Racing,2,1,MEDIUM,2.0,89.11699676513672,0.0,1.0,0.0,1.0,1.0,89.14899676513672,89.28308270063029,-0.13408593549357306,True,huber_inlier
VER,Red Bull Racing,3,1,MEDIUM,3.0,89.55500030517578,0.0,1.0,0.0,1.0,1.0,89.61900030517577,89.34736708490972,0.27163322026605385,True,huber_inlier
VER,Red Bull Racing,4,1,MEDIUM,4.0,89.56300354003906,0.0,1.0,0.0,1.0,1.0,89.65900354003907,89.41114184186338,0.24786169817568293,True,huber_inlier
VER,Red Bull Racing,5,1,MEDIUM,5.0,89.69499969482422,0.0,1.0,0.0,1.0,1.0,89.82299969482422,89.47440697149126,0.3485927233329562,False,huber_downweighted_outlier
VER,Red Bull Racing,6,1,MEDIUM,6.0,89.77200317382812,0.0,1.0,0.0,1.0,1.0,89.93200317382812,89.53716247379337,0.3948407000347487,False,huber_downweighted_outlier
VER,Red Bull Racing,7,1,MEDIUM,7.0,89.74400329589844,0.0,1.0,0.0,1.0,1.0,89.93600329589843,89.5994083487697,0.33659494712873084,True,huber_inlier
VER,Red Bull Racing,8,1,MEDIUM,8.0,89.60099792480469,0.0,1.0,0.0,1.0,1.0,89.82499792480469,89.66114459642027,0.16385332838441968,True,huber_inlier
VER,Red Bull Racing,9,1,MEDIUM,9.0,89.41300201416016,0.0,1.0,0.0,1.0,1.0,89.66900201416016,89.72237121674505,-0.05336920258488931,True,huber_inlier
VER,Red Bull Racing,10,1,MEDIUM,10.0,89.46499633789062,0.0,1.0,0.0,1.0,1.0,89.75299633789062,89.78308820974407,-0.03009187185344331,True,huber_inlier
VER,Red Bull Racing,11,1,MEDIUM,11.0,89.53800201416016,0.0,1.0,0.0,1.0,1.0,89.85800201416015,89.8432955754173,0.014706438742848604,True,huber_inlier
VER,Red Bull Racing,12,1,MEDIUM,12.0,89.54299926757812,0.0,1.0,0.0,1.0,1.0,89.89499926757813,89.90299331376475,-0.00799404618662436,True,huber_inlier
VER,Red Bull Racing,13,1,MEDIUM,13.0,89.63300323486328,0.0,1.0,0.0,1.0,1.0,90.01700323486328,89.96218142478644,0.05482181007684517,True,huber_inlier
VER,Red Bull Racing,14,1,MEDIUM,14.0,89.5260009765625,0.0,1.0,0.0,1.0,1.0,89.9420009765625,90.02085990848235,-0.0788589319198536,True,huber_inlier
VER,Red Bull Racing,15,1,MEDIUM,15.0,89.7030029296875,0.0,1.0,0.0,1.0,1.0,90.1510029296875,90.07902876485248,0.07197416483501229,True,huber_inlier
VER,Red Bull Racing,16,1,MEDIUM,16.0,89.45999908447266,0.0,1.0,0.0,1.0,1.0,89.93999908447266,90.13668799389684,-0.19668890942418216,True,huber_inlier
VER,Red Bull Racing,17,1,MEDIUM,17.0,89.5780029296875,0.0,1.0,0.0,1.0,1.0,90.0900029296875,90.19383759561543,-0.10383466592793411,True,huber_inlier
VER,Red Bull Racing,18,1,MEDIUM,18.0,89.59600067138672,0.0,1.0,0.0,1.0,1.0,90.14000067138672,90.25047757000824,-0.11047689862152765,True,huber_inlier
VER,Red Bull Racing,19,1,MEDIUM,19.0,89.61399841308594,0.0,1.0,0.0,1.0,1.0,90.18999841308593,90.30660791707528,-0.11660950398935199,True,huber_inlier
VER,Red Bull Racing,20,1,MEDIUM,20.0,89.55699920654297,0.0,1.0,0.0,1.0,1.0,90.16499920654297,90.36222863681654,-0.1972294302735662,True,huber_inlier
VER,Red Bull Racing,21,1,MEDIUM,21.0,89.44100189208984,0.0,1.0,0.0,1.0,1.0,90.08100189208984,90.41733972923203,-0.3363378371421817,True,huber_inlier
VER,Red Bull Racing,22,1,MEDIUM,22.0,89.24299621582031,0.0,1.0,0.0,1.0,1.0,89.91499621582031,90.47194119432173,-0.55694497850142,False,huber_downweighted_outlier
VER,Red Bull Racing,25,2,HARD,2.0,88.69300079345703,0.0,1.0,0.0,1.0,1.0,89.46100079345703,88.85325698551654,0.6077438079404942,False,huber_downweighted_outlier
VER,Red Bull Racing,26,2,HARD,3.0,88.31199645996094,0.0,1.0,0.0,1.0,1.0,89.11199645996093,88.88495298121423,0.22704347874670816,True,huber_inlier
VER,Red Bull Racing,27,2,HARD,4.0,88.3270034790039,0.0,1.0,0.0,1.0,1.0,89.1590034790039,88.91613934958613,0.24286412941776803,True,huber_inlier
VER,Red Bull Racing,28,2,HARD,5.0,88.37100219726562,0.0,1.0,0.0,1.0,1.0,89.23500219726563,88.94681609063227,0.2881861066333613,True,huber_inlier
VER,Red Bull Racing,29,2,HARD,6.0,88.00299835205078,0.0,1.0,0.0,1.0,1.0,88.89899835205078,88.97698320435263,-0.07798485230185292,True,huber_inlier
VER,Red Bull Racing,30,2,HARD,7.0,88.04900360107422,0.0,1.0,0.0,1.0,1.0,88.97700360107422,89.00664069074722,-0.029637089673002492,True,huber_inlier
VER,Red Bull Racing,31,2,HARD,8.0,87.84400177001953,0.0,1.0,0.0,1.0,1.0,88.80400177001952,89.03578854981602,-0.23178677979649365,True,huber_inlier
VER,Red Bull Racing,32,2,HARD,9.0,87.8010025024414,0.0,1.0,0.0,1.0,1.0,88.79300250244141,89.06442678155906,-0.2714242791176531,True,huber_inlier
VER,Red Bull Racing,33,2,HARD,10.0,87.90899658203125,0.0,1.0,0.0,1.0,1.0,88.93299658203125,89.09255538597631,-0.1595588039450604,True,huber_inlier
VER,Red Bull Racing,34,2,HARD,11.0,87.92400360107422,0.0,1.0,0.0,1.0,1.0,88.98000360107422,89.1201743630678,-0.1401707619935877,True,huber_inlier
VER,Red Bull Racing,35,2,HARD,12.0,87.98100280761719,0.0,1.0,0.0,1.0,1.0,89.06900280761718,89.14728371283351,-0.07828090521633158,True,huber_inlier
VER,Red Bull Racing,36,2,HARD,13.0,87.80999755859375,0.0,1.0,0.0,1.0,1.0,88.92999755859375,89.17388343527344,-0.2438858766796841,True,huber_inlier
VER,Red Bull Racing,37,2,HARD,14.0,87.74500274658203,0.0,1.0,0.0,1.0,1.0,88.89700274658203,89.19997353038761,-0.30297078380557707,True,huber_inlier
VER,Red Bull Racing,38,2,HARD,15.0,87.7509994506836,0.0,1.0,0.0,1.0,1.0,88.93499945068359,89.22555399817598,-0.2905545474923912,True,huber_inlier
VER,Red Bull Racing,39,2,HARD,16.0,87.625,0.0,1.0,0.0,1.0,1.0,88.841,89.2506248386386,-0.40962483863860655,False,huber_downweighted_outlier
VER,Red Bull Racing,42,2,HARD,19.0,88.22000122070312,0.18860275775558855,0.8113972422444115,0.0,1.0,0.6583654847218361,89.53200122070312,89.32277959607178,0.20922162463133986,True,huber_inlier
VER,Red Bull Racing,43,2,HARD,20.0,87.93499755859375,0.0,1.0,0.0,1.0,1.0,89.27899755859374,89.34581192723128,-0.06681436863753731,True,huber_inlier
VER,Red Bull Racing,44,2,HARD,21.0,87.89299774169922,0.0,1.0,0.0,1.0,1.0,89.26899774169922,89.36833463106503,-0.09933688936580154,True,huber_inlier
VER,Red Bull Racing,46,2,HARD,23.0,87.96099853515625,0.0,1.0,0.0,1.0,1.0,89.40099853515625,89.41185115675516,-0.010852621598914425,True,huber_inlier
VER,Red Bull Racing,47,2,HARD,24.0,87.87100219726562,0.0,1.0,0.0,1.0,1.0,89.34300219726562,89.43284497861157,-0.08984278134595058,True,huber_inlier
VER,Red Bull Racing,48,2,HARD,25.0,87.81800079345703,0.0,1.0,0.0,1.0,1.0,89.32200079345704,89.45332917314221,-0.13132837968517208,True,huber_inlier
VER,Red Bull Racing,49,2,HARD,26.0,87.75,0.0,1.0,0.0,1.0,1.0,89.286,89.47330374034708,-0.1873037403470761,True,huber_inlier
VER,Red Bull Racing,50,2,HARD,27.0,87.98600006103516,0.0,1.0,0.0,1.0,1.0,89.55400006103515,89.49276868022616,0.06123138080899082,True,huber_inlier
VER,Red Bull Racing,52,2,HARD,29.0,88.45500183105469,0.0,1.0,0.0,1.0,1.0,90.08700183105469,89.530169678007,0.5568321530476936,False,huber_downweighted_outlier
VER,Red Bull Racing,55,2,HARD,32.0,88.81700134277344,0.0,1.0,0.0,1.0,1.0,90.54500134277343,89.58244896973495,0.9625523730384771,False,huber_downweighted_outlier
VER,Red Bull Racing,56,2,HARD,33.0,88.62100219726562,0.05022422071149699,0.949775779288503,0.0,1.0,0.9020740309230831,90.38100219726563,89.5988561456594,0.7821460516062331,False,huber_downweighted_outlier
VER,Red Bull Racing,58,2,HARD,35.0,88.4729995727539,0.03795154159609866,0.9620484584039013,0.0,1.0,0.925537236317323,90.2969995727539,89.63014161553095,0.6668579572229589,False,huber_downweighted_outlier
