driver,team,rank,mean_lap_s,lap,lap_time_s,stint,compound,tyre_age,stint_jitter,deleted_marker
NOR,McLaren,1,88.485151,2,89.892998,1,MEDIUM,2.0,-0.22,False
NOR,McLaren,1,88.485151,3,89.860001,1,MEDIUM,3.0,-0.22,False
NOR,McLaren,1,88.485151,4,89.841003,1,MEDIUM,4.0,-0.22,False
NOR,McLaren,1,88.485151,5,89.818001,1,MEDIUM,5.0,-0.22,False
NOR,McLaren,1,88.485151,6,89.82,1,MEDIUM,6.0,-0.22,False
NOR,McLaren,1,88.485151,7,89.817001,1,MEDIUM,7.0,-0.22,False
NOR,McLaren,1,88.485151,8,89.510002,1,MEDIUM,8.0,-0.22,False
NOR,McLaren,1,88.485151,9,89.527,1,MEDIUM,9.0,-0.22,False
NOR,McLaren,1,88.485151,10,89.635002,1,MEDIUM,10.0,-0.22,False
NOR,McLaren,1,88.485151,11,89.820999,1,MEDIUM,11.0,-0.22,False
NOR,McLaren,1,88.485151,12,89.681999,1,MEDIUM,12.0,-0.22,False
NOR,McLaren,1,88.485151,13,89.745003,1,MEDIUM,13.0,-0.22,False
NOR,McLaren,1,88.485151,14,90.060997,1,MEDIUM,14.0,-0.22,False
NOR,McLaren,1,88.485151,15,89.589996,1,MEDIUM,15.0,-0.22,False
NOR,McLaren,1,88.485151,18,89.958,2,HARD,2.0,0.0,False
NOR,McLaren,1,88.485151,19,89.681,2,HARD,3.0,0.0,False
NOR,McLaren,1,88.485151,20,89.528,2,HARD,4.0,0.0,False
NOR,McLaren,1,88.485151,21,89.133003,2,HARD,5.0,0.0,False
NOR,McLaren,1,88.485151,22,88.983002,2,HARD,6.0,0.0,False
NOR,McLaren,1,88.485151,23,88.828003,2,HARD,7.0,0.0,False
NOR,McLaren,1,88.485151,24,88.875,2,HARD,8.0,0.0,False
NOR,McLaren,1,88.485151,25,88.355003,2,HARD,9.0,0.0,False
NOR,McLaren,1,88.485151,26,88.486,2,HARD,10.0,0.0,False
NOR,McLaren,1,88.485151,27,87.998001,2,HARD,11.0,0.0,False
NOR,McLaren,1,88.485151,28,88.202003,2,HARD,12.0,0.0,False
NOR,McLaren,1,88.485151,29,88.132004,2,HARD,13.0,0.0,False
NOR,McLaren,1,88.485151,30,88.066002,2,HARD,14.0,0.0,False
NOR,McLaren,1,88.485151,31,88.153,2,HARD,15.0,0.0,False
NOR,McLaren,1,88.485151,32,88.374001,2,HARD,16.0,0.0,False
NOR,McLaren,1,88.485151,33,88.081001,2,HARD,17.0,0.0,False
NOR,McLaren,1,88.485151,34,88.108002,2,HARD,18.0,0.0,False
NOR,McLaren,1,88.485151,35,87.971001,2,HARD,19.0,0.0,False
NOR,McLaren,1,88.485151,36,87.841003,2,HARD,20.0,0.0,False
NOR,McLaren,1,88.485151,37,87.814003,2,HARD,21.0,0.0,False
NOR,McLaren,1,88.485151,38,87.998001,2,HARD,22.0,0.0,False
NOR,McLaren,1,88.485151,39,88.068001,2,HARD,23.0,0.0,False
NOR,McLaren,1,88.485151,42,88.191002,3,HARD,2.0,0.22,False
NOR,McLaren,1,88.485151,43,87.829002,3,HARD,3.0,0.22,False
NOR,McLaren,1,88.485151,44,86.834,3,HARD,4.0,0.22,False
NOR,McLaren,1,88.485151,45,86.953003,3,HARD,5.0,0.22,False
NOR,McLaren,1,88.485151,46,87.073997,3,HARD,6.0,0.22,False
NOR,McLaren,1,88.485151,47,86.866997,3,HARD,7.0,0.22,False
NOR,McLaren,1,88.485151,48,86.818001,3,HARD,8.0,0.22,False
NOR,McLaren,1,88.485151,49,86.906998,3,HARD,9.0,0.22,False
NOR,McLaren,1,88.485151,50,86.968002,3,HARD,10.0,0.22,False
NOR,McLaren,1,88.485151,51,87.277,3,HARD,11.0,0.22,False
NOR,McLaren,1,88.485151,52,86.894997,3,HARD,12.0,0.22,False
NOR,McLaren,1,88.485151,53,87.080002,3,HARD,13.0,0.22,False
NOR,McLaren,1,88.485151,54,87.143997,3,HARD,14.0,0.22,False
NOR,McLaren,1,88.485151,55,87.974998,3,HARD,15.0,0.22,False
NOR,McLaren,1,88.485151,56,88.225998,3,HARD,16.0,0.22,False
NOR,McLaren,1,88.485151,57,88.434998,3,HARD,17.0,0.22,False
NOR,McLaren,1,88.485151,58,88.987,3,HARD,18.0,0.22,False
LEC,Ferrari,2,88.594377,2,90.086998,1,MEDIUM,2.0,-0.22,False
LEC,Ferrari,2,88.594377,3,89.681,1,MEDIUM,3.0,-0.22,False
LEC,Ferrari,2,88.594377,4,89.943001,1,MEDIUM,4.0,-0.22,False
LEC,Ferrari,2,88.594377,5,90.061996,1,MEDIUM,5.0,-0.22,False
LEC,Ferrari,2,88.594377,6,89.738998,1,MEDIUM,6.0,-0.22,False
LEC,Ferrari,2,88.594377,7,89.670998,1,MEDIUM,7.0,-0.22,False
LEC,Ferrari,2,88.594377,8,89.606003,1,MEDIUM,8.0,-0.22,False
LEC,Ferrari,2,88.594377,9,89.653999,1,MEDIUM,9.0,-0.22,True
LEC,Ferrari,2,88.594377,10,89.629997,1,MEDIUM,10.0,-0.22,False
LEC,Ferrari,2,88.594377,11,89.908997,1,MEDIUM,11.0,-0.22,False
LEC,Ferrari,2,88.594377,12,90.056999,1,MEDIUM,12.0,-0.22,False
LEC,Ferrari,2,88.594377,13,89.938004,1,MEDIUM,13.0,-0.22,False
LEC,Ferrari,2,88.594377,14,90.054001,1,MEDIUM,14.0,-0.22,False
LEC,Ferrari,2,88.594377,15,89.998001,1,MEDIUM,15.0,-0.22,False
LEC,Ferrari,2,88.594377,18,89.872002,2,HARD,2.0,0.0,False
LEC,Ferrari,2,88.594377,19,89.528999,2,HARD,3.0,0.0,False
LEC,Ferrari,2,88.594377,20,89.255997,2,HARD,4.0,0.0,False
LEC,Ferrari,2,88.594377,21,89.055,2,HARD,5.0,0.0,False
LEC,Ferrari,2,88.594377,22,88.890999,2,HARD,6.0,0.0,False
LEC,Ferrari,2,88.594377,23,89.595001,2,HARD,7.0,0.0,False
LEC,Ferrari,2,88.594377,24,89.018997,2,HARD,8.0,0.0,False
LEC,Ferrari,2,88.594377,25,88.170998,2,HARD,9.0,0.0,False
LEC,Ferrari,2,88.594377,26,88.043999,2,HARD,10.0,0.0,False
LEC,Ferrari,2,88.594377,27,88.098,2,HARD,11.0,0.0,False
LEC,Ferrari,2,88.594377,28,88.149002,2,HARD,12.0,0.0,False
LEC,Ferrari,2,88.594377,29,88.390999,2,HARD,13.0,0.0,False
LEC,Ferrari,2,88.594377,30,88.471001,2,HARD,14.0,0.0,False
LEC,Ferrari,2,88.594377,31,88.547997,2,HARD,15.0,0.0,False
LEC,Ferrari,2,88.594377,32,88.853996,2,HARD,16.0,0.0,False
LEC,Ferrari,2,88.594377,33,88.664001,2,HARD,17.0,0.0,False
LEC,Ferrari,2,88.594377,34,88.580002,2,HARD,18.0,0.0,False
LEC,Ferrari,2,88.594377,35,88.453003,2,HARD,19.0,0.0,False
LEC,Ferrari,2,88.594377,36,88.303001,2,HARD,20.0,0.0,False
LEC,Ferrari,2,88.594377,37,88.349998,2,HARD,21.0,0.0,False
LEC,Ferrari,2,88.594377,38,88.152,2,HARD,22.0,0.0,False
LEC,Ferrari,2,88.594377,41,88.125,3,MEDIUM,5.0,0.22,False
LEC,Ferrari,2,88.594377,42,87.268997,3,MEDIUM,6.0,0.22,False
LEC,Ferrari,2,88.594377,43,86.918999,3,MEDIUM,7.0,0.22,False
LEC,Ferrari,2,88.594377,44,86.847,3,MEDIUM,8.0,0.22,False
LEC,Ferrari,2,88.594377,45,86.724998,3,MEDIUM,9.0,0.22,False
LEC,Ferrari,2,88.594377,46,86.856003,3,MEDIUM,10.0,0.22,False
LEC,Ferrari,2,88.594377,47,86.973999,3,MEDIUM,11.0,0.22,False
LEC,Ferrari,2,88.594377,48,86.845001,3,MEDIUM,12.0,0.22,False
LEC,Ferrari,2,88.594377,49,86.935997,3,MEDIUM,13.0,0.22,False
LEC,Ferrari,2,88.594377,50,87.212997,3,MEDIUM,14.0,0.22,False
LEC,Ferrari,2,88.594377,51,87.375999,3,MEDIUM,15.0,0.22,False
LEC,Ferrari,2,88.594377,52,87.550003,3,MEDIUM,16.0,0.22,True
LEC,Ferrari,2,88.594377,53,89.004997,3,MEDIUM,17.0,0.22,False
LEC,Ferrari,2,88.594377,54,88.291,3,MEDIUM,18.0,0.22,False
LEC,Ferrari,2,88.594377,55,88.195,3,MEDIUM,19.0,0.22,False
LEC,Ferrari,2,88.594377,56,87.463997,3,MEDIUM,20.0,0.22,False
LEC,Ferrari,2,88.594377,57,88.165001,3,MEDIUM,21.0,0.22,False
LEC,Ferrari,2,88.594377,58,88.273003,3,MEDIUM,22.0,0.22,False
VER,Red Bull Racing,3,88.645528,2,89.116997,1,MEDIUM,2.0,-0.11,False
VER,Red Bull Racing,3,88.645528,3,89.555,1,MEDIUM,3.0,-0.11,False
VER,Red Bull Racing,3,88.645528,4,89.563004,1,MEDIUM,4.0,-0.11,False
VER,Red Bull Racing,3,88.645528,5,89.695,1,MEDIUM,5.0,-0.11,False
VER,Red Bull Racing,3,88.645528,6,89.772003,1,MEDIUM,6.0,-0.11,False
VER,Red Bull Racing,3,88.645528,7,89.744003,1,MEDIUM,7.0,-0.11,False
VER,Red Bull Racing,3,88.645528,8,89.600998,1,MEDIUM,8.0,-0.11,False
VER,Red Bull Racing,3,88.645528,9,89.413002,1,MEDIUM,9.0,-0.11,False
VER,Red Bull Racing,3,88.645528,10,89.464996,1,MEDIUM,10.0,-0.11,False
VER,Red Bull Racing,3,88.645528,11,89.538002,1,MEDIUM,11.0,-0.11,False
VER,Red Bull Racing,3,88.645528,12,89.542999,1,MEDIUM,12.0,-0.11,False
VER,Red Bull Racing,3,88.645528,13,89.633003,1,MEDIUM,13.0,-0.11,False
VER,Red Bull Racing,3,88.645528,14,89.526001,1,MEDIUM,14.0,-0.11,False
VER,Red Bull Racing,3,88.645528,15,89.703003,1,MEDIUM,15.0,-0.11,False
VER,Red Bull Racing,3,88.645528,16,89.459999,1,MEDIUM,16.0,-0.11,False
VER,Red Bull Racing,3,88.645528,17,89.578003,1,MEDIUM,17.0,-0.11,False
VER,Red Bull Racing,3,88.645528,18,89.596001,1,MEDIUM,18.0,-0.11,False
VER,Red Bull Racing,3,88.645528,19,89.613998,1,MEDIUM,19.0,-0.11,False
VER,Red Bull Racing,3,88.645528,20,89.556999,1,MEDIUM,20.0,-0.11,False
VER,Red Bull Racing,3,88.645528,21,89.441002,1,MEDIUM,21.0,-0.11,False
VER,Red Bull Racing,3,88.645528,22,89.242996,1,MEDIUM,22.0,-0.11,False
VER,Red Bull Racing,3,88.645528,25,88.693001,2,HARD,2.0,0.11,False
VER,Red Bull Racing,3,88.645528,26,88.311996,2,HARD,3.0,0.11,False
VER,Red Bull Racing,3,88.645528,27,88.327003,2,HARD,4.0,0.11,False
VER,Red Bull Racing,3,88.645528,28,88.371002,2,HARD,5.0,0.11,False
VER,Red Bull Racing,3,88.645528,29,88.002998,2,HARD,6.0,0.11,False
VER,Red Bull Racing,3,88.645528,30,88.049004,2,HARD,7.0,0.11,False
VER,Red Bull Racing,3,88.645528,31,87.844002,2,HARD,8.0,0.11,False
VER,Red Bull Racing,3,88.645528,32,87.801003,2,HARD,9.0,0.11,False
VER,Red Bull Racing,3,88.645528,33,87.908997,2,HARD,10.0,0.11,False
VER,Red Bull Racing,3,88.645528,34,87.924004,2,HARD,11.0,0.11,False
VER,Red Bull Racing,3,88.645528,35,87.981003,2,HARD,12.0,0.11,False
VER,Red Bull Racing,3,88.645528,36,87.809998,2,HARD,13.0,0.11,False
VER,Red Bull Racing,3,88.645528,37,87.745003,2,HARD,14.0,0.11,False
VER,Red Bull Racing,3,88.645528,38,87.750999,2,HARD,15.0,0.11,False
VER,Red Bull Racing,3,88.645528,39,87.625,2,HARD,16.0,0.11,False
VER,Red Bull Racing,3,88.645528,40,88.141998,2,HARD,17.0,0.11,False
VER,Red Bull Racing,3,88.645528,41,87.973,2,HARD,18.0,0.11,False
VER,Red Bull Racing,3,88.645528,42,88.220001,2,HARD,19.0,0.11,False
VER,Red Bull Racing,3,88.645528,43,87.934998,2,HARD,20.0,0.11,False
VER,Red Bull Racing,3,88.645528,44,87.892998,2,HARD,21.0,0.11,False
VER,Red Bull Racing,3,88.645528,45,87.751999,2,HARD,22.0,0.11,True
VER,Red Bull Racing,3,88.645528,46,87.960999,2,HARD,23.0,0.11,False
VER,Red Bull Racing,3,88.645528,47,87.871002,2,HARD,24.0,0.11,False
VER,Red Bull Racing,3,88.645528,48,87.818001,2,HARD,25.0,0.11,False
VER,Red Bull Racing,3,88.645528,49,87.75,2,HARD,26.0,0.11,False
VER,Red Bull Racing,3,88.645528,50,87.986,2,HARD,27.0,0.11,False
VER,Red Bull Racing,3,88.645528,51,87.983002,2,HARD,28.0,0.11,True
VER,Red Bull Racing,3,88.645528,52,88.455002,2,HARD,29.0,0.11,False
VER,Red Bull Racing,3,88.645528,53,88.394997,2,HARD,30.0,0.11,False
VER,Red Bull Racing,3,88.645528,54,88.175003,2,HARD,31.0,0.11,False
VER,Red Bull Racing,3,88.645528,55,88.817001,2,HARD,32.0,0.11,False
VER,Red Bull Racing,3,88.645528,56,88.621002,2,HARD,33.0,0.11,False
VER,Red Bull Racing,3,88.645528,57,88.781998,2,HARD,34.0,0.11,False
VER,Red Bull Racing,3,88.645528,58,88.473,2,HARD,35.0,0.11,False
PIA,McLaren,4,88.837583,2,89.814003,1,HARD,2.0,-0.11,False
PIA,McLaren,4,88.837583,3,89.525002,1,HARD,3.0,-0.11,False
PIA,McLaren,4,88.837583,4,89.926003,1,HARD,4.0,-0.11,False
PIA,McLaren,4,88.837583,5,89.758003,1,HARD,5.0,-0.11,False
PIA,McLaren,4,88.837583,6,89.787003,1,HARD,6.0,-0.11,False
PIA,McLaren,4,88.837583,7,89.568001,1,HARD,7.0,-0.11,False
PIA,McLaren,4,88.837583,8,89.496002,1,HARD,8.0,-0.11,False
PIA,McLaren,4,88.837583,9,89.570999,1,HARD,9.0,-0.11,False
PIA,McLaren,4,88.837583,10,89.468002,1,HARD,10.0,-0.11,False
PIA,McLaren,4,88.837583,11,89.466003,1,HARD,11.0,-0.11,False
PIA,McLaren,4,88.837583,12,89.491997,1,HARD,12.0,-0.11,False
PIA,McLaren,4,88.837583,13,89.261002,1,HARD,13.0,-0.11,False
PIA,McLaren,4,88.837583,14,89.625,1,HARD,14.0,-0.11,False
PIA,McLaren,4,88.837583,15,89.536003,1,HARD,15.0,-0.11,False
PIA,McLaren,4,88.837583,16,89.681,1,HARD,16.0,-0.11,False
PIA,McLaren,4,88.837583,17,89.535004,1,HARD,17.0,-0.11,False
PIA,McLaren,4,88.837583,18,89.556999,1,HARD,18.0,-0.11,False
PIA,McLaren,4,88.837583,19,89.598,1,HARD,19.0,-0.11,False
PIA,McLaren,4,88.837583,20,89.891998,1,HARD,20.0,-0.11,False
PIA,McLaren,4,88.837583,21,89.584,1,HARD,21.0,-0.11,False
PIA,McLaren,4,88.837583,22,89.502998,1,HARD,22.0,-0.11,False
PIA,McLaren,4,88.837583,23,89.514999,1,HARD,23.0,-0.11,False
PIA,McLaren,4,88.837583,24,89.434998,1,HARD,24.0,-0.11,False
PIA,McLaren,4,88.837583,25,89.261002,1,HARD,25.0,-0.11,False
PIA,McLaren,4,88.837583,26,89.491997,1,HARD,26.0,-0.11,False
PIA,McLaren,4,88.837583,27,89.299004,1,HARD,27.0,-0.11,False
PIA,McLaren,4,88.837583,28,89.003998,1,HARD,28.0,-0.11,False
PIA,McLaren,4,88.837583,29,88.927002,1,HARD,29.0,-0.11,False
PIA,McLaren,4,88.837583,30,89.119003,1,HARD,30.0,-0.11,True
PIA,McLaren,4,88.837583,31,88.983002,1,HARD,31.0,-0.11,False
PIA,McLaren,4,88.837583,32,89.000999,1,HARD,32.0,-0.11,False
PIA,McLaren,4,88.837583,33,89.001999,1,HARD,33.0,-0.11,False
PIA,McLaren,4,88.837583,34,89.313004,1,HARD,34.0,-0.11,False
PIA,McLaren,4,88.837583,35,89.177002,1,HARD,35.0,-0.11,False
PIA,McLaren,4,88.837583,36,89.009003,1,HARD,36.0,-0.11,False
PIA,McLaren,4,88.837583,37,89.125999,1,HARD,37.0,-0.11,False
PIA,McLaren,4,88.837583,38,89.106003,1,HARD,38.0,-0.11,False
PIA,McLaren,4,88.837583,39,89.260002,1,HARD,39.0,-0.11,False
PIA,McLaren,4,88.837583,40,89.388,1,HARD,40.0,-0.11,False
PIA,McLaren,4,88.837583,43,87.369003,2,MEDIUM,2.0,0.11,False
PIA,McLaren,4,88.837583,44,86.764999,2,MEDIUM,3.0,0.11,False
PIA,McLaren,4,88.837583,45,87.391998,2,MEDIUM,4.0,0.11,False
PIA,McLaren,4,88.837583,46,86.964996,2,MEDIUM,5.0,0.11,False
PIA,McLaren,4,88.837583,47,86.994003,2,MEDIUM,6.0,0.11,False
PIA,McLaren,4,88.837583,48,87.022003,2,MEDIUM,7.0,0.11,False
PIA,McLaren,4,88.837583,49,87.112,2,MEDIUM,8.0,0.11,False
PIA,McLaren,4,88.837583,50,87.039001,2,MEDIUM,9.0,0.11,False
PIA,McLaren,4,88.837583,51,87.311996,2,MEDIUM,10.0,0.11,False
PIA,McLaren,4,88.837583,52,87.498001,2,MEDIUM,11.0,0.11,False
PIA,McLaren,4,88.837583,53,87.527,2,MEDIUM,12.0,0.11,False
PIA,McLaren,4,88.837583,54,87.744003,2,MEDIUM,13.0,0.11,False
PIA,McLaren,4,88.837583,55,87.790001,2,MEDIUM,14.0,0.11,False
PIA,McLaren,4,88.837583,56,87.998001,2,MEDIUM,15.0,0.11,False
PIA,McLaren,4,88.837583,57,88.405998,2,MEDIUM,16.0,0.11,False
PIA,McLaren,4,88.837583,58,88.073997,2,MEDIUM,17.0,0.11,False
HAM,Ferrari,5,89.432905,2,90.852997,1,SOFT,2.0,-0.22,False
HAM,Ferrari,5,89.432905,3,90.112999,1,SOFT,3.0,-0.22,False
HAM,Ferrari,5,89.432905,4,90.883003,1,SOFT,4.0,-0.22,False
HAM,Ferrari,5,89.432905,5,90.228996,1,SOFT,5.0,-0.22,True
HAM,Ferrari,5,89.432905,6,90.253998,1,SOFT,6.0,-0.22,False
HAM,Ferrari,5,89.432905,7,90.539001,1,SOFT,7.0,-0.22,False
HAM,Ferrari,5,89.432905,10,88.516998,2,HARD,2.0,0.0,False
HAM,Ferrari,5,89.432905,11,89.022003,2,HARD,3.0,0.0,False
HAM,Ferrari,5,89.432905,12,89.598,2,HARD,4.0,0.0,False
HAM,Ferrari,5,89.432905,13,89.473,2,HARD,5.0,0.0,False
HAM,Ferrari,5,89.432905,14,89.276001,2,HARD,6.0,0.0,False
HAM,Ferrari,5,89.432905,15,89.573997,2,HARD,7.0,0.0,False
HAM,Ferrari,5,89.432905,16,89.460999,2,HARD,8.0,0.0,False
HAM,Ferrari,5,89.432905,17,89.299004,2,HARD,9.0,0.0,False
HAM,Ferrari,5,89.432905,18,89.699997,2,HARD,10.0,0.0,False
HAM,Ferrari,5,89.432905,19,89.841003,2,HARD,11.0,0.0,False
HAM,Ferrari,5,89.432905,20,90.736,2,HARD,12.0,0.0,False
HAM,Ferrari,5,89.432905,21,91.792999,2,HARD,13.0,0.0,False
HAM,Ferrari,5,89.432905,22,90.535004,2,HARD,14.0,0.0,False
HAM,Ferrari,5,89.432905,23,90.075996,2,HARD,15.0,0.0,False
HAM,Ferrari,5,89.432905,24,89.865997,2,HARD,16.0,0.0,False
HAM,Ferrari,5,89.432905,25,89.809998,2,HARD,17.0,0.0,True
HAM,Ferrari,5,89.432905,26,89.643997,2,HARD,18.0,0.0,False
HAM,Ferrari,5,89.432905,27,90.143997,2,HARD,19.0,0.0,True
HAM,Ferrari,5,89.432905,28,89.917999,2,HARD,20.0,0.0,False
HAM,Ferrari,5,89.432905,29,89.785004,2,HARD,21.0,0.0,False
HAM,Ferrari,5,89.432905,30,89.879997,2,HARD,22.0,0.0,False
HAM,Ferrari,5,89.432905,33,89.051003,3,MEDIUM,2.0,0.22,False
HAM,Ferrari,5,89.432905,34,88.793999,3,MEDIUM,3.0,0.22,False
HAM,Ferrari,5,89.432905,35,88.514,3,MEDIUM,4.0,0.22,False
HAM,Ferrari,5,89.432905,36,88.094002,3,MEDIUM,5.0,0.22,False
HAM,Ferrari,5,89.432905,37,88.549004,3,MEDIUM,6.0,0.22,False
HAM,Ferrari,5,89.432905,38,88.140999,3,MEDIUM,7.0,0.22,False
HAM,Ferrari,5,89.432905,39,88.528,3,MEDIUM,8.0,0.22,False
HAM,Ferrari,5,89.432905,40,89.047997,3,MEDIUM,9.0,0.22,False
HAM,Ferrari,5,89.432905,41,88.693001,3,MEDIUM,10.0,0.22,False
HAM,Ferrari,5,89.432905,42,88.873001,3,MEDIUM,11.0,0.22,False
HAM,Ferrari,5,89.432905,43,88.463997,3,MEDIUM,12.0,0.22,False
HAM,Ferrari,5,89.432905,44,88.948997,3,MEDIUM,13.0,0.22,False
HAM,Ferrari,5,89.432905,45,88.758003,3,MEDIUM,14.0,0.22,False
HAM,Ferrari,5,89.432905,46,89.239998,3,MEDIUM,15.0,0.22,False
HAM,Ferrari,5,89.432905,47,88.997002,3,MEDIUM,16.0,0.22,False
HAM,Ferrari,5,89.432905,48,88.978996,3,MEDIUM,17.0,0.22,False
HAM,Ferrari,5,89.432905,49,89.185997,3,MEDIUM,18.0,0.22,False
HAM,Ferrari,5,89.432905,50,88.977997,3,MEDIUM,19.0,0.22,False
HAM,Ferrari,5,89.432905,51,88.936996,3,MEDIUM,20.0,0.22,False
HAM,Ferrari,5,89.432905,52,89.625,3,MEDIUM,21.0,0.22,False
HAM,Ferrari,5,89.432905,53,89.043999,3,MEDIUM,22.0,0.22,False
HAM,Ferrari,5,89.432905,54,88.731003,3,MEDIUM,23.0,0.22,False
HAM,Ferrari,5,89.432905,55,88.795998,3,MEDIUM,24.0,0.22,False
HAM,Ferrari,5,89.432905,56,89.623001,3,MEDIUM,25.0,0.22,False
HAM,Ferrari,5,89.432905,57,89.022003,3,MEDIUM,26.0,0.22,False
HAM,Ferrari,5,89.432905,58,89.511002,3,MEDIUM,27.0,0.22,False
RUS,Mercedes,6,89.437182,2,90.628998,1,MEDIUM,2.0,-0.11,False
RUS,Mercedes,6,89.437182,3,90.067001,1,MEDIUM,3.0,-0.11,False
RUS,Mercedes,6,89.437182,4,89.336998,1,MEDIUM,4.0,-0.11,False
RUS,Mercedes,6,89.437182,5,89.988998,1,MEDIUM,5.0,-0.11,False
RUS,Mercedes,6,89.437182,6,89.929001,1,MEDIUM,6.0,-0.11,False
RUS,Mercedes,6,89.437182,7,89.759003,1,MEDIUM,7.0,-0.11,False
RUS,Mercedes,6,89.437182,8,90.124001,1,MEDIUM,8.0,-0.11,False
RUS,Mercedes,6,89.437182,9,90.205002,1,MEDIUM,9.0,-0.11,False
RUS,Mercedes,6,89.437182,10,90.005997,1,MEDIUM,10.0,-0.11,False
RUS,Mercedes,6,89.437182,11,90.043999,1,MEDIUM,11.0,-0.11,False
RUS,Mercedes,6,89.437182,12,90.095001,1,MEDIUM,12.0,-0.11,False
RUS,Mercedes,6,89.437182,13,90.059998,1,MEDIUM,13.0,-0.11,False
RUS,Mercedes,6,89.437182,16,88.648003,2,HARD,2.0,0.11,False
RUS,Mercedes,6,89.437182,17,90.035004,2,HARD,3.0,0.11,False
RUS,Mercedes,6,89.437182,18,89.857002,2,HARD,4.0,0.11,False
RUS,Mercedes,6,89.437182,19,90.191002,2,HARD,5.0,0.11,False
RUS,Mercedes,6,89.437182,20,90.286003,2,HARD,6.0,0.11,False
RUS,Mercedes,6,89.437182,21,90.065002,2,HARD,7.0,0.11,False
RUS,Mercedes,6,89.437182,22,89.399002,2,HARD,8.0,0.11,False
RUS,Mercedes,6,89.437182,23,89.648003,2,HARD,9.0,0.11,False
RUS,Mercedes,6,89.437182,24,89.588997,2,HARD,10.0,0.11,False
RUS,Mercedes,6,89.437182,25,89.32,2,HARD,11.0,0.11,False
RUS,Mercedes,6,89.437182,26,89.431,2,HARD,12.0,0.11,False
RUS,Mercedes,6,89.437182,27,89.681999,2,HARD,13.0,0.11,False
RUS,Mercedes,6,89.437182,28,89.75,2,HARD,14.0,0.11,False
RUS,Mercedes,6,89.437182,29,88.818001,2,HARD,15.0,0.11,False
RUS,Mercedes,6,89.437182,30,89.010002,2,HARD,16.0,0.11,False
RUS,Mercedes,6,89.437182,31,89.143997,2,HARD,17.0,0.11,False
RUS,Mercedes,6,89.437182,32,89.166,2,HARD,18.0,0.11,False
RUS,Mercedes,6,89.437182,33,89.697998,2,HARD,19.0,0.11,False
RUS,Mercedes,6,89.437182,34,89.485001,2,HARD,20.0,0.11,False
RUS,Mercedes,6,89.437182,35,89.404999,2,HARD,21.0,0.11,False
RUS,Mercedes,6,89.437182,36,89.376999,2,HARD,22.0,0.11,False
RUS,Mercedes,6,89.437182,37,89.348,2,HARD,23.0,0.11,False
RUS,Mercedes,6,89.437182,38,89.064003,2,HARD,24.0,0.11,False
RUS,Mercedes,6,89.437182,39,89.156998,2,HARD,25.0,0.11,False
RUS,Mercedes,6,89.437182,40,89.278,2,HARD,26.0,0.11,False
RUS,Mercedes,6,89.437182,41,89.300003,2,HARD,27.0,0.11,False
RUS,Mercedes,6,89.437182,42,89.981003,2,HARD,28.0,0.11,False
RUS,Mercedes,6,89.437182,43,89.457001,2,HARD,29.0,0.11,False
RUS,Mercedes,6,89.437182,44,88.818001,2,HARD,30.0,0.11,False
RUS,Mercedes,6,89.437182,45,89.132004,2,HARD,31.0,0.11,False
RUS,Mercedes,6,89.437182,46,88.944,2,HARD,32.0,0.11,False
RUS,Mercedes,6,89.437182,47,89.061996,2,HARD,33.0,0.11,False
RUS,Mercedes,6,89.437182,48,88.921997,2,HARD,34.0,0.11,False
RUS,Mercedes,6,89.437182,49,88.773003,2,HARD,35.0,0.11,False
RUS,Mercedes,6,89.437182,50,89.087997,2,HARD,36.0,0.11,False
RUS,Mercedes,6,89.437182,51,88.789001,2,HARD,37.0,0.11,False
RUS,Mercedes,6,89.437182,52,89.041,2,HARD,38.0,0.11,False
RUS,Mercedes,6,89.437182,53,88.831001,2,HARD,39.0,0.11,False
RUS,Mercedes,6,89.437182,54,88.700996,2,HARD,40.0,0.11,False
RUS,Mercedes,6,89.437182,55,88.823997,2,HARD,41.0,0.11,False
RUS,Mercedes,6,89.437182,56,88.834999,2,HARD,42.0,0.11,False
RUS,Mercedes,6,89.437182,57,88.598999,2,HARD,43.0,0.11,False
RUS,Mercedes,6,89.437182,58,88.852997,2,HARD,44.0,0.11,False
HUL,Kick Sauber,7,89.538622,2,91.813004,1,SOFT,2.0,-0.22,False
HUL,Kick Sauber,7,89.538622,3,90.514999,1,SOFT,3.0,-0.22,False
HUL,Kick Sauber,7,89.538622,4,90.572998,1,SOFT,4.0,-0.22,True
HUL,Kick Sauber,7,89.538622,5,90.776001,1,SOFT,5.0,-0.22,False
HUL,Kick Sauber,7,89.538622,6,90.254997,1,SOFT,6.0,-0.22,False
HUL,Kick Sauber,7,89.538622,9,88.442001,2,HARD,2.0,0.0,False
HUL,Kick Sauber,7,89.538622,10,89.002998,2,HARD,3.0,0.0,False
HUL,Kick Sauber,7,89.538622,11,89.417999,2,HARD,4.0,0.0,False
HUL,Kick Sauber,7,89.538622,12,89.164001,2,HARD,5.0,0.0,False
HUL,Kick Sauber,7,89.538622,13,89.435997,2,HARD,6.0,0.0,False
HUL,Kick Sauber,7,89.538622,14,89.477997,2,HARD,7.0,0.0,False
HUL,Kick Sauber,7,89.538622,15,89.487999,2,HARD,8.0,0.0,False
HUL,Kick Sauber,7,89.538622,16,89.202003,2,HARD,9.0,0.0,False
HUL,Kick Sauber,7,89.538622,17,89.143997,2,HARD,10.0,0.0,False
HUL,Kick Sauber,7,89.538622,18,89.600998,2,HARD,11.0,0.0,False
HUL,Kick Sauber,7,89.538622,19,89.736,2,HARD,12.0,0.0,False
HUL,Kick Sauber,7,89.538622,20,90.485001,2,HARD,13.0,0.0,False
HUL,Kick Sauber,7,89.538622,21,91.706001,2,HARD,14.0,0.0,False
HUL,Kick Sauber,7,89.538622,22,90.732002,2,HARD,15.0,0.0,True
HUL,Kick Sauber,7,89.538622,23,90.907997,2,HARD,16.0,0.0,False
HUL,Kick Sauber,7,89.538622,24,91.273003,2,HARD,17.0,0.0,False
HUL,Kick Sauber,7,89.538622,25,90.112999,2,HARD,18.0,0.0,False
HUL,Kick Sauber,7,89.538622,26,89.978996,2,HARD,19.0,0.0,False
HUL,Kick Sauber,7,89.538622,27,90.352997,2,HARD,20.0,0.0,False
HUL,Kick Sauber,7,89.538622,28,90.574997,2,HARD,21.0,0.0,False
HUL,Kick Sauber,7,89.538622,29,90.572998,2,HARD,22.0,0.0,True
HUL,Kick Sauber,7,89.538622,30,90.518997,2,HARD,23.0,0.0,False
HUL,Kick Sauber,7,89.538622,31,91.723999,2,HARD,24.0,0.0,False
HUL,Kick Sauber,7,89.538622,32,90.152,2,HARD,25.0,0.0,False
HUL,Kick Sauber,7,89.538622,33,90.906998,2,HARD,26.0,0.0,False
HUL,Kick Sauber,7,89.538622,34,90.063004,2,HARD,27.0,0.0,False
HUL,Kick Sauber,7,89.538622,35,89.611,2,HARD,28.0,0.0,False
HUL,Kick Sauber,7,89.538622,36,89.383003,2,HARD,29.0,0.0,False
HUL,Kick Sauber,7,89.538622,37,89.422997,2,HARD,30.0,0.0,False
HUL,Kick Sauber,7,89.538622,38,89.693001,2,HARD,31.0,0.0,False
HUL,Kick Sauber,7,89.538622,39,89.821999,2,HARD,32.0,0.0,False
HUL,Kick Sauber,7,89.538622,40,89.959999,2,HARD,33.0,0.0,False
HUL,Kick Sauber,7,89.538622,41,90.223,2,HARD,34.0,0.0,False
HUL,Kick Sauber,7,89.538622,44,87.171997,3,MEDIUM,2.0,0.22,False
HUL,Kick Sauber,7,89.538622,45,87.573997,3,MEDIUM,3.0,0.22,False
HUL,Kick Sauber,7,89.538622,46,87.050003,3,MEDIUM,4.0,0.22,False
HUL,Kick Sauber,7,89.538622,47,87.541,3,MEDIUM,5.0,0.22,False
HUL,Kick Sauber,7,89.538622,48,87.831001,3,MEDIUM,6.0,0.22,False
HUL,Kick Sauber,7,89.538622,49,89.021004,3,MEDIUM,7.0,0.22,False
HUL,Kick Sauber,7,89.538622,50,87.976997,3,MEDIUM,8.0,0.22,False
HUL,Kick Sauber,7,89.538622,51,88.244003,3,MEDIUM,9.0,0.22,False
HUL,Kick Sauber,7,89.538622,52,87.741997,3,MEDIUM,10.0,0.22,False
HUL,Kick Sauber,7,89.538622,53,88.410004,3,MEDIUM,11.0,0.22,False
HUL,Kick Sauber,7,89.538622,54,88.378998,3,MEDIUM,12.0,0.22,False
HUL,Kick Sauber,7,89.538622,55,88.053001,3,MEDIUM,13.0,0.22,False
HUL,Kick Sauber,7,89.538622,56,89.054001,3,MEDIUM,14.0,0.22,False
HUL,Kick Sauber,7,89.538622,57,89.170998,3,MEDIUM,15.0,0.22,False
HUL,Kick Sauber,7,89.538622,58,88.107002,3,MEDIUM,16.0,0.22,False
ALB,Williams,8,89.645509,2,91.709999,1,SOFT,2.0,-0.22,False
ALB,Williams,8,89.645509,3,90.223999,1,SOFT,3.0,-0.22,False
ALB,Williams,8,89.645509,4,90.874001,1,SOFT,4.0,-0.22,False
ALB,Williams,8,89.645509,5,90.314003,1,SOFT,5.0,-0.22,False
ALB,Williams,8,89.645509,6,90.223,1,SOFT,6.0,-0.22,False
ALB,Williams,8,89.645509,7,90.419998,1,SOFT,7.0,-0.22,False
ALB,Williams,8,89.645509,10,89.374001,2,HARD,2.0,0.0,False
ALB,Williams,8,89.645509,11,89.806999,2,HARD,3.0,0.0,False
ALB,Williams,8,89.645509,12,89.459999,2,HARD,4.0,0.0,False
ALB,Williams,8,89.645509,13,89.692001,2,HARD,5.0,0.0,False
ALB,Williams,8,89.645509,14,89.792999,2,HARD,6.0,0.0,False
ALB,Williams,8,89.645509,15,89.819,2,HARD,7.0,0.0,False
ALB,Williams,8,89.645509,16,89.906998,2,HARD,8.0,0.0,False
ALB,Williams,8,89.645509,17,90.133003,2,HARD,9.0,0.0,True
ALB,Williams,8,89.645509,18,89.987,2,HARD,10.0,0.0,False
ALB,Williams,8,89.645509,19,90.046997,2,HARD,11.0,0.0,True
ALB,Williams,8,89.645509,20,90.109001,2,HARD,12.0,0.0,False
ALB,Williams,8,89.645509,21,90.269997,2,HARD,13.0,0.0,False
ALB,Williams,8,89.645509,22,90.297997,2,HARD,14.0,0.0,False
ALB,Williams,8,89.645509,23,90.621002,2,HARD,15.0,0.0,False
ALB,Williams,8,89.645509,24,90.388,2,HARD,16.0,0.0,False
ALB,Williams,8,89.645509,25,90.933998,2,HARD,17.0,0.0,False
ALB,Williams,8,89.645509,26,90.293999,2,HARD,18.0,0.0,False
ALB,Williams,8,89.645509,27,90.112999,2,HARD,19.0,0.0,False
ALB,Williams,8,89.645509,28,91.014,2,HARD,20.0,0.0,False
ALB,Williams,8,89.645509,29,90.421997,2,HARD,21.0,0.0,False
ALB,Williams,8,89.645509,30,90.214996,2,HARD,22.0,0.0,False
ALB,Williams,8,89.645509,31,90.539001,2,HARD,23.0,0.0,False
ALB,Williams,8,89.645509,32,90.485001,2,HARD,24.0,0.0,False
ALB,Williams,8,89.645509,35,88.587997,3,MEDIUM,2.0,0.22,False
ALB,Williams,8,89.645509,36,88.439003,3,MEDIUM,3.0,0.22,False
ALB,Williams,8,89.645509,37,88.411003,3,MEDIUM,4.0,0.22,False
ALB,Williams,8,89.645509,38,88.569,3,MEDIUM,5.0,0.22,False
ALB,Williams,8,89.645509,39,88.870003,3,MEDIUM,6.0,0.22,False
ALB,Williams,8,89.645509,40,89.722,3,MEDIUM,7.0,0.22,False
ALB,Williams,8,89.645509,41,88.777,3,MEDIUM,8.0,0.22,False
ALB,Williams,8,89.645509,42,88.845001,3,MEDIUM,9.0,0.22,False
ALB,Williams,8,89.645509,43,88.390999,3,MEDIUM,10.0,0.22,False
ALB,Williams,8,89.645509,44,88.507004,3,MEDIUM,11.0,0.22,False
ALB,Williams,8,89.645509,45,88.366997,3,MEDIUM,12.0,0.22,False
ALB,Williams,8,89.645509,46,88.516998,3,MEDIUM,13.0,0.22,False
ALB,Williams,8,89.645509,47,89.563004,3,MEDIUM,14.0,0.22,False
ALB,Williams,8,89.645509,48,88.946999,3,MEDIUM,15.0,0.22,False
ALB,Williams,8,89.645509,49,89.290001,3,MEDIUM,16.0,0.22,False
ALB,Williams,8,89.645509,50,89.526001,3,MEDIUM,17.0,0.22,False
ALB,Williams,8,89.645509,51,89.419998,3,MEDIUM,18.0,0.22,False
ALB,Williams,8,89.645509,52,89.392998,3,MEDIUM,19.0,0.22,False
ALB,Williams,8,89.645509,53,88.626999,3,MEDIUM,20.0,0.22,True
ALB,Williams,8,89.645509,54,88.751999,3,MEDIUM,21.0,0.22,False
ALB,Williams,8,89.645509,55,88.785004,3,MEDIUM,22.0,0.22,False
ALB,Williams,8,89.645509,56,89.060997,3,MEDIUM,23.0,0.22,False
ALB,Williams,8,89.645509,57,89.102997,3,MEDIUM,24.0,0.22,False
ALB,Williams,8,89.645509,58,89.255997,3,MEDIUM,25.0,0.22,False
GAS,Alpine,9,89.726173,2,92.010002,1,MEDIUM,2.0,-0.22,True
GAS,Alpine,9,89.726173,3,90.863998,1,MEDIUM,3.0,-0.22,False
GAS,Alpine,9,89.726173,4,90.668999,1,MEDIUM,4.0,-0.22,False
GAS,Alpine,9,89.726173,5,90.907997,1,MEDIUM,5.0,-0.22,False
GAS,Alpine,9,89.726173,6,90.890999,1,MEDIUM,6.0,-0.22,False
GAS,Alpine,9,89.726173,7,90.537003,1,MEDIUM,7.0,-0.22,False
GAS,Alpine,9,89.726173,8,90.612,1,MEDIUM,8.0,-0.22,False
GAS,Alpine,9,89.726173,9,90.400002,1,MEDIUM,9.0,-0.22,False
GAS,Alpine,9,89.726173,10,90.585999,1,MEDIUM,10.0,-0.22,False
GAS,Alpine,9,89.726173,11,91.135002,1,MEDIUM,11.0,-0.22,True
GAS,Alpine,9,89.726173,12,91.790001,1,MEDIUM,12.0,-0.22,False
GAS,Alpine,9,89.726173,15,89.817001,2,HARD,2.0,0.0,False
GAS,Alpine,9,89.726173,16,89.570999,2,HARD,3.0,0.0,False
GAS,Alpine,9,89.726173,17,89.492996,2,HARD,4.0,0.0,False
GAS,Alpine,9,89.726173,18,89.487,2,HARD,5.0,0.0,False
GAS,Alpine,9,89.726173,19,90.601997,2,HARD,6.0,0.0,False
GAS,Alpine,9,89.726173,20,89.911003,2,HARD,7.0,0.0,False
GAS,Alpine,9,89.726173,21,89.442001,2,HARD,8.0,0.0,False
GAS,Alpine,9,89.726173,22,89.690002,2,HARD,9.0,0.0,False
GAS,Alpine,9,89.726173,23,89.728996,2,HARD,10.0,0.0,False
GAS,Alpine,9,89.726173,24,89.747002,2,HARD,11.0,0.0,True
GAS,Alpine,9,89.726173,25,89.714996,2,HARD,12.0,0.0,False
GAS,Alpine,9,89.726173,26,89.855003,2,HARD,13.0,0.0,False
GAS,Alpine,9,89.726173,27,89.972,2,HARD,14.0,0.0,False
GAS,Alpine,9,89.726173,28,89.971001,2,HARD,15.0,0.0,False
GAS,Alpine,9,89.726173,29,89.980003,2,HARD,16.0,0.0,False
GAS,Alpine,9,89.726173,30,89.955002,2,HARD,17.0,0.0,False
GAS,Alpine,9,89.726173,31,90.137001,2,HARD,18.0,0.0,False
GAS,Alpine,9,89.726173,32,90.017998,2,HARD,19.0,0.0,False
GAS,Alpine,9,89.726173,33,90.338997,2,HARD,20.0,0.0,False
GAS,Alpine,9,89.726173,34,90.137001,2,HARD,21.0,0.0,False
GAS,Alpine,9,89.726173,35,90.114998,2,HARD,22.0,0.0,False
GAS,Alpine,9,89.726173,36,90.592003,2,HARD,23.0,0.0,False
GAS,Alpine,9,89.726173,37,89.907997,2,HARD,24.0,0.0,False
GAS,Alpine,9,89.726173,38,90.193001,2,HARD,25.0,0.0,False
GAS,Alpine,9,89.726173,39,90.957001,2,HARD,26.0,0.0,False
GAS,Alpine,9,89.726173,42,88.764999,3,MEDIUM,5.0,0.22,False
GAS,Alpine,9,89.726173,43,88.051003,3,MEDIUM,6.0,0.22,False
GAS,Alpine,9,89.726173,44,88.166,3,MEDIUM,7.0,0.22,True
GAS,Alpine,9,89.726173,45,88.046997,3,MEDIUM,8.0,0.22,False
GAS,Alpine,9,89.726173,46,87.766998,3,MEDIUM,9.0,0.22,False
GAS,Alpine,9,89.726173,47,88.142998,3,MEDIUM,10.0,0.22,False
GAS,Alpine,9,89.726173,48,88.047997,3,MEDIUM,11.0,0.22,False
GAS,Alpine,9,89.726173,49,88.400002,3,MEDIUM,12.0,0.22,False
GAS,Alpine,9,89.726173,50,87.991997,3,MEDIUM,13.0,0.22,False
GAS,Alpine,9,89.726173,51,88.363998,3,MEDIUM,14.0,0.22,False
GAS,Alpine,9,89.726173,52,88.428001,3,MEDIUM,15.0,0.22,False
GAS,Alpine,9,89.726173,53,88.720001,3,MEDIUM,16.0,0.22,False
GAS,Alpine,9,89.726173,54,89.511002,3,MEDIUM,17.0,0.22,False
GAS,Alpine,9,89.726173,55,89.233002,3,MEDIUM,18.0,0.22,False
GAS,Alpine,9,89.726173,56,89.483002,3,MEDIUM,19.0,0.22,False
GAS,Alpine,9,89.726173,57,88.907997,3,MEDIUM,20.0,0.22,False
ALO,Aston Martin,10,89.761364,2,90.396004,1,MEDIUM,3.0,-0.11,False
ALO,Aston Martin,10,89.761364,3,90.058998,1,MEDIUM,4.0,-0.11,False
ALO,Aston Martin,10,89.761364,4,90.896004,1,MEDIUM,5.0,-0.11,False
ALO,Aston Martin,10,89.761364,5,90.195999,1,MEDIUM,6.0,-0.11,False
ALO,Aston Martin,10,89.761364,6,90.412003,1,MEDIUM,7.0,-0.11,False
ALO,Aston Martin,10,89.761364,7,90.319,1,MEDIUM,8.0,-0.11,False
ALO,Aston Martin,10,89.761364,8,90.098999,1,MEDIUM,9.0,-0.11,False
ALO,Aston Martin,10,89.761364,9,90.011002,1,MEDIUM,10.0,-0.11,False
ALO,Aston Martin,10,89.761364,10,90.025002,1,MEDIUM,11.0,-0.11,False
ALO,Aston Martin,10,89.761364,11,89.800003,1,MEDIUM,12.0,-0.11,False
ALO,Aston Martin,10,89.761364,12,89.969002,1,MEDIUM,13.0,-0.11,False
ALO,Aston Martin,10,89.761364,13,89.968002,1,MEDIUM,14.0,-0.11,False
ALO,Aston Martin,10,89.761364,14,90.266998,1,MEDIUM,15.0,-0.11,False
ALO,Aston Martin,10,89.761364,15,89.835999,1,MEDIUM,16.0,-0.11,False
ALO,Aston Martin,10,89.761364,18,89.992996,2,HARD,3.0,0.11,False
ALO,Aston Martin,10,89.761364,19,90.112,2,HARD,4.0,0.11,False
ALO,Aston Martin,10,89.761364,20,90.107002,2,HARD,5.0,0.11,False
ALO,Aston Martin,10,89.761364,21,90.030998,2,HARD,6.0,0.11,False
ALO,Aston Martin,10,89.761364,22,90.320999,2,HARD,7.0,0.11,False
ALO,Aston Martin,10,89.761364,23,89.419998,2,HARD,8.0,0.11,False
ALO,Aston Martin,10,89.761364,24,90.803001,2,HARD,9.0,0.11,False
ALO,Aston Martin,10,89.761364,25,90.260002,2,HARD,10.0,0.11,False
ALO,Aston Martin,10,89.761364,26,89.823997,2,HARD,11.0,0.11,False
ALO,Aston Martin,10,89.761364,27,89.75,2,HARD,12.0,0.11,False
ALO,Aston Martin,10,89.761364,28,90.532997,2,HARD,13.0,0.11,False
ALO,Aston Martin,10,89.761364,29,90.397003,2,HARD,14.0,0.11,False
ALO,Aston Martin,10,89.761364,30,90.410004,2,HARD,15.0,0.11,False
ALO,Aston Martin,10,89.761364,31,89.708,2,HARD,16.0,0.11,False
ALO,Aston Martin,10,89.761364,32,90.047997,2,HARD,17.0,0.11,False
ALO,Aston Martin,10,89.761364,33,89.982002,2,HARD,18.0,0.11,False
ALO,Aston Martin,10,89.761364,34,89.750999,2,HARD,19.0,0.11,False
ALO,Aston Martin,10,89.761364,35,89.764,2,HARD,20.0,0.11,False
ALO,Aston Martin,10,89.761364,36,89.819,2,HARD,21.0,0.11,False
ALO,Aston Martin,10,89.761364,37,90.300003,2,HARD,22.0,0.11,False
ALO,Aston Martin,10,89.761364,38,90.512001,2,HARD,23.0,0.11,False
ALO,Aston Martin,10,89.761364,39,90.100998,2,HARD,24.0,0.11,False
ALO,Aston Martin,10,89.761364,40,89.984001,2,HARD,25.0,0.11,False
ALO,Aston Martin,10,89.761364,41,89.527,2,HARD,26.0,0.11,False
ALO,Aston Martin,10,89.761364,42,88.947998,2,HARD,27.0,0.11,False
ALO,Aston Martin,10,89.761364,43,89.638,2,HARD,28.0,0.11,False
ALO,Aston Martin,10,89.761364,44,89.129997,2,HARD,29.0,0.11,False
ALO,Aston Martin,10,89.761364,45,89.355003,2,HARD,30.0,0.11,False
ALO,Aston Martin,10,89.761364,46,89.235001,2,HARD,31.0,0.11,False
ALO,Aston Martin,10,89.761364,47,89.120003,2,HARD,32.0,0.11,False
ALO,Aston Martin,10,89.761364,48,89.445999,2,HARD,33.0,0.11,False
ALO,Aston Martin,10,89.761364,49,89.32,2,HARD,34.0,0.11,False
ALO,Aston Martin,10,89.761364,50,89.005997,2,HARD,35.0,0.11,False
ALO,Aston Martin,10,89.761364,51,88.514,2,HARD,36.0,0.11,False
ALO,Aston Martin,10,89.761364,52,89.084999,2,HARD,37.0,0.11,False
ALO,Aston Martin,10,89.761364,53,88.556999,2,HARD,38.0,0.11,False
ALO,Aston Martin,10,89.761364,54,88.278999,2,HARD,39.0,0.11,False
ALO,Aston Martin,10,89.761364,55,88.392998,2,HARD,40.0,0.11,False
ALO,Aston Martin,10,89.761364,56,88.777,2,HARD,41.0,0.11,False
ALO,Aston Martin,10,89.761364,57,89.115997,2,HARD,42.0,0.11,False
ALO,Aston Martin,10,89.761364,58,89.246002,2,HARD,43.0,0.11,False
OCO,Haas F1 Team,11,89.771164,2,90.503998,1,MEDIUM,2.0,-0.11,False
OCO,Haas F1 Team,11,89.771164,3,90.306,1,MEDIUM,3.0,-0.11,False
OCO,Haas F1 Team,11,89.771164,4,90.5,1,MEDIUM,4.0,-0.11,False
OCO,Haas F1 Team,11,89.771164,5,90.163002,1,MEDIUM,5.0,-0.11,False
OCO,Haas F1 Team,11,89.771164,6,90.487,1,MEDIUM,6.0,-0.11,False
OCO,Haas F1 Team,11,89.771164,7,90.394997,1,MEDIUM,7.0,-0.11,False
OCO,Haas F1 Team,11,89.771164,8,90.429001,1,MEDIUM,8.0,-0.11,False
OCO,Haas F1 Team,11,89.771164,9,90.144997,1,MEDIUM,9.0,-0.11,False
OCO,Haas F1 Team,11,89.771164,10,90.332001,1,MEDIUM,10.0,-0.11,False
OCO,Haas F1 Team,11,89.771164,11,90.858002,1,MEDIUM,11.0,-0.11,False
OCO,Haas F1 Team,11,89.771164,12,90.786003,1,MEDIUM,12.0,-0.11,False
OCO,Haas F1 Team,11,89.771164,13,91.075996,1,MEDIUM,13.0,-0.11,False
OCO,Haas F1 Team,11,89.771164,14,91.022003,1,MEDIUM,14.0,-0.11,False
OCO,Haas F1 Team,11,89.771164,15,90.246002,1,MEDIUM,15.0,-0.11,False
OCO,Haas F1 Team,11,89.771164,16,90.827003,1,MEDIUM,16.0,-0.11,False
OCO,Haas F1 Team,11,89.771164,17,90.949997,1,MEDIUM,17.0,-0.11,False
OCO,Haas F1 Team,11,89.771164,18,91.014,1,MEDIUM,18.0,-0.11,False
OCO,Haas F1 Team,11,89.771164,21,88.754997,2,HARD,2.0,0.11,False
OCO,Haas F1 Team,11,89.771164,22,88.739998,2,HARD,3.0,0.11,False
OCO,Haas F1 Team,11,89.771164,23,88.882004,2,HARD,4.0,0.11,False
OCO,Haas F1 Team,11,89.771164,24,89.021004,2,HARD,5.0,0.11,False
OCO,Haas F1 Team,11,89.771164,25,89.117996,2,HARD,6.0,0.11,False
OCO,Haas F1 Team,11,89.771164,26,89.467003,2,HARD,7.0,0.11,False
OCO,Haas F1 Team,11,89.771164,27,89.688004,2,HARD,8.0,0.11,False
OCO,Haas F1 Team,11,89.771164,28,90.468002,2,HARD,9.0,0.11,False
OCO,Haas F1 Team,11,89.771164,29,90.769997,2,HARD,10.0,0.11,False
OCO,Haas F1 Team,11,89.771164,30,90.280998,2,HARD,11.0,0.11,False
OCO,Haas F1 Team,11,89.771164,31,90.598999,2,HARD,12.0,0.11,False
OCO,Haas F1 Team,11,89.771164,32,89.135002,2,HARD,13.0,0.11,False
OCO,Haas F1 Team,11,89.771164,33,89.818001,2,HARD,14.0,0.11,False
OCO,Haas F1 Team,11,89.771164,34,89.348,2,HARD,15.0,0.11,False
OCO,Haas F1 Team,11,89.771164,35,89.475998,2,HARD,16.0,0.11,False
OCO,Haas F1 Team,11,89.771164,36,89.531998,2,HARD,17.0,0.11,False
OCO,Haas F1 Team,11,89.771164,37,90.25,2,HARD,18.0,0.11,False
OCO,Haas F1 Team,11,89.771164,38,89.730003,2,HARD,19.0,0.11,False
OCO,Haas F1 Team,11,89.771164,39,90.116997,2,HARD,20.0,0.11,False
OCO,Haas F1 Team,11,89.771164,40,90.109001,2,HARD,21.0,0.11,False
OCO,Haas F1 Team,11,89.771164,41,89.434998,2,HARD,22.0,0.11,False
OCO,Haas F1 Team,11,89.771164,42,89.244003,2,HARD,23.0,0.11,True
OCO,Haas F1 Team,11,89.771164,43,89.522003,2,HARD,24.0,0.11,False
OCO,Haas F1 Team,11,89.771164,44,89.244003,2,HARD,25.0,0.11,True
OCO,Haas F1 Team,11,89.771164,45,89.160004,2,HARD,26.0,0.11,False
OCO,Haas F1 Team,11,89.771164,46,89.190002,2,HARD,27.0,0.11,False
OCO,Haas F1 Team,11,89.771164,47,89.157997,2,HARD,28.0,0.11,False
OCO,Haas F1 Team,11,89.771164,48,89.661003,2,HARD,29.0,0.11,False
OCO,Haas F1 Team,11,89.771164,49,89.334,2,HARD,30.0,0.11,False
OCO,Haas F1 Team,11,89.771164,50,88.934998,2,HARD,31.0,0.11,False
OCO,Haas F1 Team,11,89.771164,51,88.995003,2,HARD,32.0,0.11,False
OCO,Haas F1 Team,11,89.771164,52,89.404999,2,HARD,33.0,0.11,False
OCO,Haas F1 Team,11,89.771164,53,89.232002,2,HARD,34.0,0.11,False
OCO,Haas F1 Team,11,89.771164,54,88.662003,2,HARD,35.0,0.11,False
OCO,Haas F1 Team,11,89.771164,55,88.719002,2,HARD,36.0,0.11,False
OCO,Haas F1 Team,11,89.771164,56,88.654999,2,HARD,37.0,0.11,False
OCO,Haas F1 Team,11,89.771164,57,88.75,2,HARD,38.0,0.11,False
OCO,Haas F1 Team,11,89.771164,58,88.768997,2,HARD,39.0,0.11,False
STR,Aston Martin,12,89.828764,2,91.582001,1,HARD,3.0,-0.11,False
STR,Aston Martin,12,89.828764,3,90.319,1,HARD,4.0,-0.11,False
STR,Aston Martin,12,89.828764,4,90.773003,1,HARD,5.0,-0.11,False
STR,Aston Martin,12,89.828764,5,90.458,1,HARD,6.0,-0.11,False
STR,Aston Martin,12,89.828764,6,90.188004,1,HARD,7.0,-0.11,False
STR,Aston Martin,12,89.828764,7,90.391998,1,HARD,8.0,-0.11,False
STR,Aston Martin,12,89.828764,8,90.439003,1,HARD,9.0,-0.11,False
STR,Aston Martin,12,89.828764,9,89.719002,1,HARD,10.0,-0.11,False
STR,Aston Martin,12,89.828764,10,90.275002,1,HARD,11.0,-0.11,False
STR,Aston Martin,12,89.828764,11,90.698997,1,HARD,12.0,-0.11,False
STR,Aston Martin,12,89.828764,12,91.169998,1,HARD,13.0,-0.11,False
STR,Aston Martin,12,89.828764,13,91.153,1,HARD,14.0,-0.11,False
STR,Aston Martin,12,89.828764,14,90.914001,1,HARD,15.0,-0.11,False
STR,Aston Martin,12,89.828764,15,90.931,1,HARD,16.0,-0.11,False
STR,Aston Martin,12,89.828764,16,90.384003,1,HARD,17.0,-0.11,False
STR,Aston Martin,12,89.828764,17,90.914001,1,HARD,18.0,-0.11,False
STR,Aston Martin,12,89.828764,18,91.422997,1,HARD,19.0,-0.11,False
STR,Aston Martin,12,89.828764,19,91.800003,1,HARD,20.0,-0.11,False
STR,Aston Martin,12,89.828764,20,91.778999,1,HARD,21.0,-0.11,False
STR,Aston Martin,12,89.828764,21,92.001999,1,HARD,22.0,-0.11,False
STR,Aston Martin,12,89.828764,22,90.667999,1,HARD,23.0,-0.11,False
STR,Aston Martin,12,89.828764,23,89.973,1,HARD,24.0,-0.11,False
STR,Aston Martin,12,89.828764,24,89.972,1,HARD,25.0,-0.11,False
STR,Aston Martin,12,89.828764,25,89.853996,1,HARD,26.0,-0.11,False
STR,Aston Martin,12,89.828764,26,89.788002,1,HARD,27.0,-0.11,False
STR,Aston Martin,12,89.828764,27,89.987,1,HARD,28.0,-0.11,False
STR,Aston Martin,12,89.828764,28,89.860001,1,HARD,29.0,-0.11,True
STR,Aston Martin,12,89.828764,29,89.926003,1,HARD,30.0,-0.11,False
STR,Aston Martin,12,89.828764,30,90.175003,1,HARD,31.0,-0.11,False
STR,Aston Martin,12,89.828764,31,89.958,1,HARD,32.0,-0.11,False
STR,Aston Martin,12,89.828764,32,90.238998,1,HARD,33.0,-0.11,False
STR,Aston Martin,12,89.828764,33,89.972,1,HARD,34.0,-0.11,False
STR,Aston Martin,12,89.828764,34,89.825996,1,HARD,35.0,-0.11,False
STR,Aston Martin,12,89.828764,35,90.003998,1,HARD,36.0,-0.11,False
STR,Aston Martin,12,89.828764,36,90.002998,1,HARD,37.0,-0.11,False
STR,Aston Martin,12,89.828764,37,89.839996,1,HARD,38.0,-0.11,False
STR,Aston Martin,12,89.828764,38,89.985001,1,HARD,39.0,-0.11,False
STR,Aston Martin,12,89.828764,39,90.218002,1,HARD,40.0,-0.11,False
STR,Aston Martin,12,89.828764,40,90.278,1,HARD,41.0,-0.11,False
STR,Aston Martin,12,89.828764,41,90.028999,1,HARD,42.0,-0.11,False
STR,Aston Martin,12,89.828764,44,87.917999,2,MEDIUM,3.0,0.11,False
STR,Aston Martin,12,89.828764,45,88.112999,2,MEDIUM,4.0,0.11,False
STR,Aston Martin,12,89.828764,46,88.288002,2,MEDIUM,5.0,0.11,False
STR,Aston Martin,12,89.828764,47,87.742996,2,MEDIUM,6.0,0.11,False
STR,Aston Martin,12,89.828764,48,88.427002,2,MEDIUM,7.0,0.11,False
STR,Aston Martin,12,89.828764,49,87.948997,2,MEDIUM,8.0,0.11,False
STR,Aston Martin,12,89.828764,50,88.065002,2,MEDIUM,9.0,0.11,False
STR,Aston Martin,12,89.828764,51,87.838997,2,MEDIUM,10.0,0.11,False
STR,Aston Martin,12,89.828764,52,87.625999,2,MEDIUM,11.0,0.11,False
STR,Aston Martin,12,89.828764,53,88.657997,2,MEDIUM,12.0,0.11,False
STR,Aston Martin,12,89.828764,54,88.950996,2,MEDIUM,13.0,0.11,False
STR,Aston Martin,12,89.828764,55,88.045998,2,MEDIUM,14.0,0.11,False
STR,Aston Martin,12,89.828764,56,87.952003,2,MEDIUM,15.0,0.11,False
STR,Aston Martin,12,89.828764,57,88.109001,2,MEDIUM,16.0,0.11,False
STR,Aston Martin,12,89.828764,58,89.028999,2,MEDIUM,17.0,0.11,False
COL,Alpine,13,89.852442,2,92.07,1,MEDIUM,2.0,-0.22,False
COL,Alpine,13,89.852442,3,91.303001,1,MEDIUM,3.0,-0.22,False
COL,Alpine,13,89.852442,4,90.845001,1,MEDIUM,4.0,-0.22,False
COL,Alpine,13,89.852442,5,90.989998,1,MEDIUM,5.0,-0.22,False
COL,Alpine,13,89.852442,6,91.223999,1,MEDIUM,6.0,-0.22,False
COL,Alpine,13,89.852442,7,90.610001,1,MEDIUM,7.0,-0.22,False
COL,Alpine,13,89.852442,8,90.700996,1,MEDIUM,8.0,-0.22,False
COL,Alpine,13,89.852442,9,90.551003,1,MEDIUM,9.0,-0.22,False
COL,Alpine,13,89.852442,10,90.836998,1,MEDIUM,10.0,-0.22,False
COL,Alpine,13,89.852442,11,90.884003,1,MEDIUM,11.0,-0.22,False
COL,Alpine,13,89.852442,12,91.462997,1,MEDIUM,12.0,-0.22,False
COL,Alpine,13,89.852442,13,91.563004,1,MEDIUM,13.0,-0.22,False
COL,Alpine,13,89.852442,14,91.198997,1,MEDIUM,14.0,-0.22,False
COL,Alpine,13,89.852442,17,89.847,2,HARD,2.0,0.0,False
COL,Alpine,13,89.852442,18,89.822998,2,HARD,3.0,0.0,False
COL,Alpine,13,89.852442,19,89.711998,2,HARD,4.0,0.0,False
COL,Alpine,13,89.852442,20,89.698997,2,HARD,5.0,0.0,False
COL,Alpine,13,89.852442,21,89.43,2,HARD,6.0,0.0,False
COL,Alpine,13,89.852442,22,89.627998,2,HARD,7.0,0.0,False
COL,Alpine,13,89.852442,23,89.717003,2,HARD,8.0,0.0,False
COL,Alpine,13,89.852442,24,89.851997,2,HARD,9.0,0.0,False
COL,Alpine,13,89.852442,25,90.138,2,HARD,10.0,0.0,True
COL,Alpine,13,89.852442,26,89.652,2,HARD,11.0,0.0,True
COL,Alpine,13,89.852442,27,89.542999,2,HARD,12.0,0.0,False
COL,Alpine,13,89.852442,28,89.838997,2,HARD,13.0,0.0,False
COL,Alpine,13,89.852442,29,89.915001,2,HARD,14.0,0.0,True
COL,Alpine,13,89.852442,30,89.674004,2,HARD,15.0,0.0,False
COL,Alpine,13,89.852442,31,89.848999,2,HARD,16.0,0.0,False
COL,Alpine,13,89.852442,32,89.841003,2,HARD,17.0,0.0,False
COL,Alpine,13,89.852442,33,90.053001,2,HARD,18.0,0.0,False
COL,Alpine,13,89.852442,34,90.07,2,HARD,19.0,0.0,False
COL,Alpine,13,89.852442,35,90.629997,2,HARD,20.0,0.0,False
COL,Alpine,13,89.852442,36,90.233002,2,HARD,21.0,0.0,False
COL,Alpine,13,89.852442,37,90.862,2,HARD,22.0,0.0,False
COL,Alpine,13,89.852442,38,90.739998,2,HARD,23.0,0.0,False
COL,Alpine,13,89.852442,39,92.596001,2,HARD,24.0,0.0,False
COL,Alpine,13,89.852442,42,87.709999,3,MEDIUM,2.0,0.22,False
COL,Alpine,13,89.852442,43,88.074997,3,MEDIUM,3.0,0.22,False
COL,Alpine,13,89.852442,44,88.448997,3,MEDIUM,4.0,0.22,False
COL,Alpine,13,89.852442,45,88.463997,3,MEDIUM,5.0,0.22,False
COL,Alpine,13,89.852442,46,88.306999,3,MEDIUM,6.0,0.22,False
COL,Alpine,13,89.852442,47,88.102997,3,MEDIUM,7.0,0.22,False
COL,Alpine,13,89.852442,48,88.022003,3,MEDIUM,8.0,0.22,False
COL,Alpine,13,89.852442,49,88.383003,3,MEDIUM,9.0,0.22,False
COL,Alpine,13,89.852442,50,88.494003,3,MEDIUM,10.0,0.22,False
COL,Alpine,13,89.852442,51,88.530998,3,MEDIUM,11.0,0.22,False
COL,Alpine,13,89.852442,52,88.579002,3,MEDIUM,12.0,0.22,False
COL,Alpine,13,89.852442,53,88.723,3,MEDIUM,13.0,0.22,False
COL,Alpine,13,89.852442,54,88.68,3,MEDIUM,14.0,0.22,False
COL,Alpine,13,89.852442,55,88.57,3,MEDIUM,15.0,0.22,False
COL,Alpine,13,89.852442,56,88.940002,3,MEDIUM,16.0,0.22,False
COL,Alpine,13,89.852442,57,90.713997,3,MEDIUM,17.0,0.22,False
BEA,Haas F1 Team,14,89.860491,2,91.021004,1,MEDIUM,2.0,-0.11,False
BEA,Haas F1 Team,14,89.860491,3,90.467003,1,MEDIUM,3.0,-0.11,False
BEA,Haas F1 Team,14,89.860491,4,90.740997,1,MEDIUM,4.0,-0.11,False
BEA,Haas F1 Team,14,89.860491,5,90.190002,1,MEDIUM,5.0,-0.11,False
BEA,Haas F1 Team,14,89.860491,6,90.288002,1,MEDIUM,6.0,-0.11,False
BEA,Haas F1 Team,14,89.860491,7,90.545998,1,MEDIUM,7.0,-0.11,False
BEA,Haas F1 Team,14,89.860491,8,90.343002,1,MEDIUM,8.0,-0.11,False
BEA,Haas F1 Team,14,89.860491,9,90.285004,1,MEDIUM,9.0,-0.11,False
BEA,Haas F1 Team,14,89.860491,10,90.753998,1,MEDIUM,10.0,-0.11,False
BEA,Haas F1 Team,14,89.860491,11,90.903,1,MEDIUM,11.0,-0.11,True
BEA,Haas F1 Team,14,89.860491,12,91.016998,1,MEDIUM,12.0,-0.11,False
BEA,Haas F1 Team,14,89.860491,13,91.059998,1,MEDIUM,13.0,-0.11,False
BEA,Haas F1 Team,14,89.860491,16,89.263,2,HARD,2.0,0.11,False
BEA,Haas F1 Team,14,89.860491,17,89.862999,2,HARD,3.0,0.11,False
BEA,Haas F1 Team,14,89.860491,18,89.532997,2,HARD,4.0,0.11,False
BEA,Haas F1 Team,14,89.860491,19,89.921997,2,HARD,5.0,0.11,False
BEA,Haas F1 Team,14,89.860491,20,89.787003,2,HARD,6.0,0.11,False
BEA,Haas F1 Team,14,89.860491,21,89.644997,2,HARD,7.0,0.11,False
BEA,Haas F1 Team,14,89.860491,22,89.473,2,HARD,8.0,0.11,False
BEA,Haas F1 Team,14,89.860491,23,90.933998,2,HARD,9.0,0.11,False
BEA,Haas F1 Team,14,89.860491,24,90.110001,2,HARD,10.0,0.11,False
BEA,Haas F1 Team,14,89.860491,25,89.667,2,HARD,11.0,0.11,False
BEA,Haas F1 Team,14,89.860491,26,89.883003,2,HARD,12.0,0.11,False
BEA,Haas F1 Team,14,89.860491,27,89.469002,2,HARD,13.0,0.11,False
BEA,Haas F1 Team,14,89.860491,28,89.490997,2,HARD,14.0,0.11,False
BEA,Haas F1 Team,14,89.860491,29,89.995003,2,HARD,15.0,0.11,False
BEA,Haas F1 Team,14,89.860491,30,89.763,2,HARD,16.0,0.11,False
BEA,Haas F1 Team,14,89.860491,31,91.192001,2,HARD,17.0,0.11,False
BEA,Haas F1 Team,14,89.860491,32,90.213997,2,HARD,18.0,0.11,False
BEA,Haas F1 Team,14,89.860491,33,89.43,2,HARD,19.0,0.11,False
BEA,Haas F1 Team,14,89.860491,34,89.490997,2,HARD,20.0,0.11,False
BEA,Haas F1 Team,14,89.860491,35,89.322998,2,HARD,21.0,0.11,False
BEA,Haas F1 Team,14,89.860491,36,89.455002,2,HARD,22.0,0.11,False
BEA,Haas F1 Team,14,89.860491,37,89.435997,2,HARD,23.0,0.11,False
BEA,Haas F1 Team,14,89.860491,38,89.972,2,HARD,24.0,0.11,False
BEA,Haas F1 Team,14,89.860491,39,90.042,2,HARD,25.0,0.11,False
BEA,Haas F1 Team,14,89.860491,40,90.056,2,HARD,26.0,0.11,False
BEA,Haas F1 Team,14,89.860491,41,89.816002,2,HARD,27.0,0.11,False
BEA,Haas F1 Team,14,89.860491,42,89.339996,2,HARD,28.0,0.11,False
BEA,Haas F1 Team,14,89.860491,43,89.323997,2,HARD,29.0,0.11,False
BEA,Haas F1 Team,14,89.860491,44,89.306999,2,HARD,30.0,0.11,False
BEA,Haas F1 Team,14,89.860491,45,90.195999,2,HARD,31.0,0.11,False
BEA,Haas F1 Team,14,89.860491,46,89.469002,2,HARD,32.0,0.11,False
BEA,Haas F1 Team,14,89.860491,47,88.981003,2,HARD,33.0,0.11,False
BEA,Haas F1 Team,14,89.860491,48,89.306,2,HARD,34.0,0.11,False
BEA,Haas F1 Team,14,89.860491,49,89.240997,2,HARD,35.0,0.11,False
BEA,Haas F1 Team,14,89.860491,50,88.975998,2,HARD,36.0,0.11,False
BEA,Haas F1 Team,14,89.860491,51,89.246002,2,HARD,37.0,0.11,False
BEA,Haas F1 Team,14,89.860491,52,89.07,2,HARD,38.0,0.11,False
BEA,Haas F1 Team,14,89.860491,53,89.196999,2,HARD,39.0,0.11,False
BEA,Haas F1 Team,14,89.860491,54,89.276001,2,HARD,40.0,0.11,False
BEA,Haas F1 Team,14,89.860491,55,89.112,2,HARD,41.0,0.11,False
BEA,Haas F1 Team,14,89.860491,56,89.175003,2,HARD,42.0,0.11,False
BEA,Haas F1 Team,14,89.860491,57,88.980003,2,HARD,43.0,0.11,False
BEA,Haas F1 Team,14,89.860491,58,91.291,2,HARD,44.0,0.11,False
TSU,Red Bull Racing,15,89.943018,2,90.688004,1,HARD,2.0,-0.11,False
TSU,Red Bull Racing,15,89.943018,3,90.383003,1,HARD,3.0,-0.11,False
TSU,Red Bull Racing,15,89.943018,4,90.521004,1,HARD,4.0,-0.11,False
TSU,Red Bull Racing,15,89.943018,5,90.322998,1,HARD,5.0,-0.11,False
TSU,Red Bull Racing,15,89.943018,6,90.361,1,HARD,6.0,-0.11,False
TSU,Red Bull Racing,15,89.943018,7,90.468002,1,HARD,7.0,-0.11,False
TSU,Red Bull Racing,15,89.943018,8,90.394997,1,HARD,8.0,-0.11,True
TSU,Red Bull Racing,15,89.943018,9,90.183998,1,HARD,9.0,-0.11,True
TSU,Red Bull Racing,15,89.943018,10,90.587997,1,HARD,10.0,-0.11,False
TSU,Red Bull Racing,15,89.943018,11,90.652,1,HARD,11.0,-0.11,False
TSU,Red Bull Racing,15,89.943018,12,90.860001,1,HARD,12.0,-0.11,False
TSU,Red Bull Racing,15,89.943018,13,90.901001,1,HARD,13.0,-0.11,False
TSU,Red Bull Racing,15,89.943018,14,91.129997,1,HARD,14.0,-0.11,False
TSU,Red Bull Racing,15,89.943018,15,90.556,1,HARD,15.0,-0.11,False
TSU,Red Bull Racing,15,89.943018,16,90.938004,1,HARD,16.0,-0.11,False
TSU,Red Bull Racing,15,89.943018,17,90.915001,1,HARD,17.0,-0.11,False
TSU,Red Bull Racing,15,89.943018,18,90.728996,1,HARD,18.0,-0.11,False
TSU,Red Bull Racing,15,89.943018,19,90.684998,1,HARD,19.0,-0.11,False
TSU,Red Bull Racing,15,89.943018,20,90.093002,1,HARD,20.0,-0.11,False
TSU,Red Bull Racing,15,89.943018,21,90.314003,1,HARD,21.0,-0.11,False
TSU,Red Bull Racing,15,89.943018,22,90.003998,1,HARD,22.0,-0.11,False
TSU,Red Bull Racing,15,89.943018,23,91.428001,1,HARD,23.0,-0.11,False
TSU,Red Bull Racing,15,89.943018,24,91.461998,1,HARD,24.0,-0.11,False
TSU,Red Bull Racing,15,89.943018,25,90.071999,1,HARD,25.0,-0.11,False
TSU,Red Bull Racing,15,89.943018,26,90.112999,1,HARD,26.0,-0.11,False
TSU,Red Bull Racing,15,89.943018,27,90.139999,1,HARD,27.0,-0.11,False
TSU,Red Bull Racing,15,89.943018,28,89.948997,1,HARD,28.0,-0.11,False
TSU,Red Bull Racing,15,89.943018,29,90.834,1,HARD,29.0,-0.11,False
TSU,Red Bull Racing,15,89.943018,30,90.772003,1,HARD,30.0,-0.11,False
TSU,Red Bull Racing,15,89.943018,31,90.056999,1,HARD,31.0,-0.11,False
TSU,Red Bull Racing,15,89.943018,34,88.571999,2,MEDIUM,2.0,0.11,False
TSU,Red Bull Racing,15,89.943018,35,88.955002,2,MEDIUM,3.0,0.11,False
TSU,Red Bull Racing,15,89.943018,36,89.428001,2,MEDIUM,4.0,0.11,False
TSU,Red Bull Racing,15,89.943018,37,89.165001,2,MEDIUM,5.0,0.11,False
TSU,Red Bull Racing,15,89.943018,38,89.165001,2,MEDIUM,6.0,0.11,False
TSU,Red Bull Racing,15,89.943018,39,88.685997,2,MEDIUM,7.0,0.11,False
TSU,Red Bull Racing,15,89.943018,40,88.827003,2,MEDIUM,8.0,0.11,False
TSU,Red Bull Racing,15,89.943018,41,88.857002,2,MEDIUM,9.0,0.11,False
TSU,Red Bull Racing,15,89.943018,42,89.015999,2,MEDIUM,10.0,0.11,False
TSU,Red Bull Racing,15,89.943018,43,89.443001,2,MEDIUM,11.0,0.11,False
TSU,Red Bull Racing,15,89.943018,44,88.556999,2,MEDIUM,12.0,0.11,False
TSU,Red Bull Racing,15,89.943018,45,88.891998,2,MEDIUM,13.0,0.11,False
TSU,Red Bull Racing,15,89.943018,46,88.843002,2,MEDIUM,14.0,0.11,False
TSU,Red Bull Racing,15,89.943018,47,88.703003,2,MEDIUM,15.0,0.11,False
TSU,Red Bull Racing,15,89.943018,48,88.959999,2,MEDIUM,16.0,0.11,False
TSU,Red Bull Racing,15,89.943018,49,89.150002,2,MEDIUM,17.0,0.11,False
TSU,Red Bull Racing,15,89.943018,50,89.278,2,MEDIUM,18.0,0.11,False
TSU,Red Bull Racing,15,89.943018,51,89.286003,2,MEDIUM,19.0,0.11,False
TSU,Red Bull Racing,15,89.943018,52,89.977997,2,MEDIUM,20.0,0.11,False
TSU,Red Bull Racing,15,89.943018,53,89.612,2,MEDIUM,21.0,0.11,False
TSU,Red Bull Racing,15,89.943018,54,89.473999,2,MEDIUM,22.0,0.11,False
TSU,Red Bull Racing,15,89.943018,55,90.239998,2,MEDIUM,23.0,0.11,False
TSU,Red Bull Racing,15,89.943018,56,90.002998,2,MEDIUM,24.0,0.11,False
TSU,Red Bull Racing,15,89.943018,57,89.695,2,MEDIUM,25.0,0.11,False
TSU,Red Bull Racing,15,89.943018,58,89.566002,2,MEDIUM,26.0,0.11,False
ANT,Mercedes,16,89.956418,2,91.714996,1,HARD,2.0,-0.11,False
ANT,Mercedes,16,89.956418,3,90.491997,1,HARD,3.0,-0.11,False
ANT,Mercedes,16,89.956418,4,90.524002,1,HARD,4.0,-0.11,False
ANT,Mercedes,16,89.956418,5,90.707001,1,HARD,5.0,-0.11,False
ANT,Mercedes,16,89.956418,6,90.260002,1,HARD,6.0,-0.11,False
ANT,Mercedes,16,89.956418,7,90.307999,1,HARD,7.0,-0.11,False
ANT,Mercedes,16,89.956418,8,90.441002,1,HARD,8.0,-0.11,False
ANT,Mercedes,16,89.956418,9,90.028,1,HARD,9.0,-0.11,False
ANT,Mercedes,16,89.956418,10,90.087997,1,HARD,10.0,-0.11,False
ANT,Mercedes,16,89.956418,11,90.654999,1,HARD,11.0,-0.11,False
ANT,Mercedes,16,89.956418,12,91.066002,1,HARD,12.0,-0.11,False
ANT,Mercedes,16,89.956418,13,90.975998,1,HARD,13.0,-0.11,False
ANT,Mercedes,16,89.956418,14,91.109001,1,HARD,14.0,-0.11,False
ANT,Mercedes,16,89.956418,15,90.93,1,HARD,15.0,-0.11,False
ANT,Mercedes,16,89.956418,16,91.120003,1,HARD,16.0,-0.11,False
ANT,Mercedes,16,89.956418,17,91.120003,1,HARD,17.0,-0.11,False
ANT,Mercedes,16,89.956418,18,91.805,1,HARD,18.0,-0.11,False
ANT,Mercedes,16,89.956418,19,91.119003,1,HARD,19.0,-0.11,True
ANT,Mercedes,16,89.956418,20,91.744003,1,HARD,20.0,-0.11,False
ANT,Mercedes,16,89.956418,21,91.806999,1,HARD,21.0,-0.11,False
ANT,Mercedes,16,89.956418,22,90.517998,1,HARD,22.0,-0.11,False
ANT,Mercedes,16,89.956418,23,90.128998,1,HARD,23.0,-0.11,False
ANT,Mercedes,16,89.956418,24,91.287003,1,HARD,24.0,-0.11,False
ANT,Mercedes,16,89.956418,25,90.199997,1,HARD,25.0,-0.11,True
ANT,Mercedes,16,89.956418,26,89.820999,1,HARD,26.0,-0.11,True
ANT,Mercedes,16,89.956418,27,91.272003,1,HARD,27.0,-0.11,False
ANT,Mercedes,16,89.956418,28,90.683998,1,HARD,28.0,-0.11,False
ANT,Mercedes,16,89.956418,29,90.334,1,HARD,29.0,-0.11,False
ANT,Mercedes,16,89.956418,30,91.188004,1,HARD,30.0,-0.11,False
ANT,Mercedes,16,89.956418,31,91.016998,1,HARD,31.0,-0.11,False
ANT,Mercedes,16,89.956418,34,88.028999,2,MEDIUM,2.0,0.11,False
ANT,Mercedes,16,89.956418,35,88.319,2,MEDIUM,3.0,0.11,False
ANT,Mercedes,16,89.956418,36,88.184998,2,MEDIUM,4.0,0.11,False
ANT,Mercedes,16,89.956418,37,88.677002,2,MEDIUM,5.0,0.11,False
ANT,Mercedes,16,89.956418,38,88.959,2,MEDIUM,6.0,0.11,False
ANT,Mercedes,16,89.956418,39,89.347,2,MEDIUM,7.0,0.11,False
ANT,Mercedes,16,89.956418,40,89.261002,2,MEDIUM,8.0,0.11,False
ANT,Mercedes,16,89.956418,41,88.129997,2,MEDIUM,9.0,0.11,False
ANT,Mercedes,16,89.956418,42,88.174004,2,MEDIUM,10.0,0.11,False
ANT,Mercedes,16,89.956418,43,88.398003,2,MEDIUM,11.0,0.11,False
ANT,Mercedes,16,89.956418,44,88.502998,2,MEDIUM,12.0,0.11,False
ANT,Mercedes,16,89.956418,45,89.000999,2,MEDIUM,13.0,0.11,False
ANT,Mercedes,16,89.956418,46,88.883003,2,MEDIUM,14.0,0.11,False
ANT,Mercedes,16,89.956418,47,88.103996,2,MEDIUM,15.0,0.11,False
ANT,Mercedes,16,89.956418,48,88.889999,2,MEDIUM,16.0,0.11,False
ANT,Mercedes,16,89.956418,49,88.862,2,MEDIUM,17.0,0.11,False
ANT,Mercedes,16,89.956418,50,88.864998,2,MEDIUM,18.0,0.11,False
ANT,Mercedes,16,89.956418,51,89.697998,2,MEDIUM,19.0,0.11,False
ANT,Mercedes,16,89.956418,52,88.865997,2,MEDIUM,20.0,0.11,False
ANT,Mercedes,16,89.956418,53,89.394997,2,MEDIUM,21.0,0.11,False
ANT,Mercedes,16,89.956418,54,90.004997,2,MEDIUM,22.0,0.11,False
ANT,Mercedes,16,89.956418,55,89.512001,2,MEDIUM,23.0,0.11,False
ANT,Mercedes,16,89.956418,56,89.734001,2,MEDIUM,24.0,0.11,False
ANT,Mercedes,16,89.956418,57,89.711998,2,MEDIUM,25.0,0.11,False
ANT,Mercedes,16,89.956418,58,89.629997,2,MEDIUM,26.0,0.11,False
SAI,Williams,17,89.960164,2,91.984001,1,MEDIUM,2.0,-0.11,False
SAI,Williams,17,89.960164,3,90.119003,1,MEDIUM,3.0,-0.11,False
SAI,Williams,17,89.960164,4,90.829002,1,MEDIUM,4.0,-0.11,False
SAI,Williams,17,89.960164,5,90.223999,1,MEDIUM,5.0,-0.11,False
SAI,Williams,17,89.960164,6,90.274002,1,MEDIUM,6.0,-0.11,False
SAI,Williams,17,89.960164,7,90.378998,1,MEDIUM,7.0,-0.11,False
SAI,Williams,17,89.960164,8,90.557999,1,MEDIUM,8.0,-0.11,False
SAI,Williams,17,89.960164,9,90.046997,1,MEDIUM,9.0,-0.11,False
SAI,Williams,17,89.960164,10,90.457001,1,MEDIUM,10.0,-0.11,False
SAI,Williams,17,89.960164,11,90.872002,1,MEDIUM,11.0,-0.11,False
SAI,Williams,17,89.960164,12,90.955002,1,MEDIUM,12.0,-0.11,False
SAI,Williams,17,89.960164,13,91.109001,1,MEDIUM,13.0,-0.11,False
SAI,Williams,17,89.960164,14,91.058998,1,MEDIUM,14.0,-0.11,True
SAI,Williams,17,89.960164,15,90.862,1,MEDIUM,15.0,-0.11,False
SAI,Williams,17,89.960164,16,91.855003,1,MEDIUM,16.0,-0.11,False
SAI,Williams,17,89.960164,17,91.169998,1,MEDIUM,17.0,-0.11,False
SAI,Williams,17,89.960164,20,89.219002,2,HARD,2.0,0.11,False
SAI,Williams,17,89.960164,21,89.220001,2,HARD,3.0,0.11,False
SAI,Williams,17,89.960164,22,89.300003,2,HARD,4.0,0.11,False
SAI,Williams,17,89.960164,23,89.440002,2,HARD,5.0,0.11,False
SAI,Williams,17,89.960164,24,89.327003,2,HARD,6.0,0.11,False
SAI,Williams,17,89.960164,25,89.656998,2,HARD,7.0,0.11,False
SAI,Williams,17,89.960164,26,89.765999,2,HARD,8.0,0.11,False
SAI,Williams,17,89.960164,27,89.824997,2,HARD,9.0,0.11,False
SAI,Williams,17,89.960164,28,89.888,2,HARD,10.0,0.11,False
SAI,Williams,17,89.960164,29,89.945999,2,HARD,11.0,0.11,False
SAI,Williams,17,89.960164,30,90.071999,2,HARD,12.0,0.11,False
SAI,Williams,17,89.960164,31,89.924004,2,HARD,13.0,0.11,False
SAI,Williams,17,89.960164,32,89.723999,2,HARD,14.0,0.11,False
SAI,Williams,17,89.960164,33,89.964996,2,HARD,15.0,0.11,False
SAI,Williams,17,89.960164,34,89.655998,2,HARD,16.0,0.11,False
SAI,Williams,17,89.960164,35,89.575996,2,HARD,17.0,0.11,False
SAI,Williams,17,89.960164,36,89.410004,2,HARD,18.0,0.11,False
SAI,Williams,17,89.960164,37,89.211998,2,HARD,19.0,0.11,False
SAI,Williams,17,89.960164,38,89.600998,2,HARD,20.0,0.11,False
SAI,Williams,17,89.960164,39,89.938004,2,HARD,21.0,0.11,False
SAI,Williams,17,89.960164,40,89.975998,2,HARD,22.0,0.11,False
SAI,Williams,17,89.960164,41,90.501999,2,HARD,23.0,0.11,False
SAI,Williams,17,89.960164,42,89.679001,2,HARD,24.0,0.11,False
SAI,Williams,17,89.960164,43,89.485001,2,HARD,25.0,0.11,False
SAI,Williams,17,89.960164,44,89.431,2,HARD,26.0,0.11,False
SAI,Williams,17,89.960164,45,89.335999,2,HARD,27.0,0.11,False
SAI,Williams,17,89.960164,46,89.241997,2,HARD,28.0,0.11,False
SAI,Williams,17,89.960164,47,89.373001,2,HARD,29.0,0.11,False
SAI,Williams,17,89.960164,48,89.272003,2,HARD,30.0,0.11,False
SAI,Williams,17,89.960164,49,89.167999,2,HARD,31.0,0.11,False
SAI,Williams,17,89.960164,50,89.162003,2,HARD,32.0,0.11,False
SAI,Williams,17,89.960164,51,89.052002,2,HARD,33.0,0.11,False
SAI,Williams,17,89.960164,52,89.089996,2,HARD,34.0,0.11,False
SAI,Williams,17,89.960164,53,89.496002,2,HARD,35.0,0.11,False
SAI,Williams,17,89.960164,54,90.355003,2,HARD,36.0,0.11,False
SAI,Williams,17,89.960164,55,89.556,2,HARD,37.0,0.11,False
SAI,Williams,17,89.960164,56,89.442001,2,HARD,38.0,0.11,False
SAI,Williams,17,89.960164,57,90.726997,2,HARD,39.0,0.11,False
SAI,Williams,17,89.960164,58,90.045998,2,HARD,40.0,0.11,False
LAW,Racing Bulls,18,90.009778,2,90.799004,1,MEDIUM,2.0,-0.11,False
LAW,Racing Bulls,18,90.009778,3,90.466003,1,MEDIUM,3.0,-0.11,False
LAW,Racing Bulls,18,90.009778,4,90.661003,1,MEDIUM,4.0,-0.11,True
LAW,Racing Bulls,18,90.009778,5,90.219002,1,MEDIUM,5.0,-0.11,True
LAW,Racing Bulls,18,90.009778,6,90.324997,1,MEDIUM,6.0,-0.11,False
LAW,Racing Bulls,18,90.009778,7,90.537003,1,MEDIUM,7.0,-0.11,False
LAW,Racing Bulls,18,90.009778,8,90.339996,1,MEDIUM,8.0,-0.11,False
LAW,Racing Bulls,18,90.009778,9,90.352997,1,MEDIUM,9.0,-0.11,False
LAW,Racing Bulls,18,90.009778,10,90.550003,1,MEDIUM,10.0,-0.11,False
LAW,Racing Bulls,18,90.009778,11,90.668999,1,MEDIUM,11.0,-0.11,False
LAW,Racing Bulls,18,90.009778,12,90.910004,1,MEDIUM,12.0,-0.11,False
LAW,Racing Bulls,18,90.009778,13,91.044998,1,MEDIUM,13.0,-0.11,False
LAW,Racing Bulls,18,90.009778,14,91.322998,1,MEDIUM,14.0,-0.11,False
LAW,Racing Bulls,18,90.009778,15,91.049004,1,MEDIUM,15.0,-0.11,False
LAW,Racing Bulls,18,90.009778,16,91.365997,1,MEDIUM,16.0,-0.11,False
LAW,Racing Bulls,18,90.009778,17,91.343002,1,MEDIUM,17.0,-0.11,False
LAW,Racing Bulls,18,90.009778,18,91.426003,1,MEDIUM,18.0,-0.11,False
LAW,Racing Bulls,18,90.009778,19,91.815002,1,MEDIUM,19.0,-0.11,False
LAW,Racing Bulls,18,90.009778,20,91.884003,1,MEDIUM,20.0,-0.11,False
LAW,Racing Bulls,18,90.009778,23,89.825996,2,HARD,2.0,0.11,False
LAW,Racing Bulls,18,90.009778,24,89.260002,2,HARD,3.0,0.11,False
LAW,Racing Bulls,18,90.009778,25,89.498001,2,HARD,4.0,0.11,False
LAW,Racing Bulls,18,90.009778,26,89.336998,2,HARD,5.0,0.11,False
LAW,Racing Bulls,18,90.009778,27,89.500999,2,HARD,6.0,0.11,False
LAW,Racing Bulls,18,90.009778,28,89.554001,2,HARD,7.0,0.11,False
LAW,Racing Bulls,18,90.009778,29,89.665001,2,HARD,8.0,0.11,False
LAW,Racing Bulls,18,90.009778,30,89.599998,2,HARD,9.0,0.11,False
LAW,Racing Bulls,18,90.009778,31,89.416,2,HARD,10.0,0.11,False
LAW,Racing Bulls,18,90.009778,32,89.157997,2,HARD,11.0,0.11,False
LAW,Racing Bulls,18,90.009778,33,89.444,2,HARD,12.0,0.11,False
LAW,Racing Bulls,18,90.009778,34,89.499001,2,HARD,13.0,0.11,False
LAW,Racing Bulls,18,90.009778,35,89.260002,2,HARD,14.0,0.11,False
LAW,Racing Bulls,18,90.009778,36,89.352997,2,HARD,15.0,0.11,False
LAW,Racing Bulls,18,90.009778,37,89.615997,2,HARD,16.0,0.11,False
LAW,Racing Bulls,18,90.009778,38,89.496002,2,HARD,17.0,0.11,False
LAW,Racing Bulls,18,90.009778,39,88.886002,2,HARD,18.0,0.11,False
LAW,Racing Bulls,18,90.009778,40,89.814003,2,HARD,19.0,0.11,False
LAW,Racing Bulls,18,90.009778,41,90.031998,2,HARD,20.0,0.11,False
LAW,Racing Bulls,18,90.009778,42,89.609001,2,HARD,21.0,0.11,False
LAW,Racing Bulls,18,90.009778,43,90.371002,2,HARD,22.0,0.11,False
LAW,Racing Bulls,18,90.009778,44,90.123001,2,HARD,23.0,0.11,False
LAW,Racing Bulls,18,90.009778,45,89.762001,2,HARD,24.0,0.11,False
LAW,Racing Bulls,18,90.009778,46,89.987,2,HARD,25.0,0.11,False
LAW,Racing Bulls,18,90.009778,47,88.989998,2,HARD,26.0,0.11,False
LAW,Racing Bulls,18,90.009778,48,89.319,2,HARD,27.0,0.11,False
LAW,Racing Bulls,18,90.009778,49,89.009003,2,HARD,28.0,0.11,False
LAW,Racing Bulls,18,90.009778,50,88.989998,2,HARD,29.0,0.11,False
LAW,Racing Bulls,18,90.009778,51,89.008003,2,HARD,30.0,0.11,False
LAW,Racing Bulls,18,90.009778,52,89.121002,2,HARD,31.0,0.11,False
LAW,Racing Bulls,18,90.009778,53,92.152,2,HARD,32.0,0.11,False
LAW,Racing Bulls,18,90.009778,54,89.375,2,HARD,33.0,0.11,False
LAW,Racing Bulls,18,90.009778,55,89.206001,2,HARD,34.0,0.11,False
LAW,Racing Bulls,18,90.009778,56,89.189003,2,HARD,35.0,0.11,False
LAW,Racing Bulls,18,90.009778,57,89.022003,2,HARD,36.0,0.11,False
BOR,Kick Sauber,19,90.019218,2,90.655998,1,MEDIUM,2.0,-0.11,False
BOR,Kick Sauber,19,90.019218,3,90.137001,1,MEDIUM,3.0,-0.11,False
BOR,Kick Sauber,19,90.019218,4,90.222,1,MEDIUM,4.0,-0.11,False
BOR,Kick Sauber,19,90.019218,5,90.185997,1,MEDIUM,5.0,-0.11,False
BOR,Kick Sauber,19,90.019218,6,90.444,1,MEDIUM,6.0,-0.11,False
BOR,Kick Sauber,19,90.019218,7,90.366997,1,MEDIUM,7.0,-0.11,False
BOR,Kick Sauber,19,90.019218,8,90.265999,1,MEDIUM,8.0,-0.11,False
BOR,Kick Sauber,19,90.019218,9,90.057999,1,MEDIUM,9.0,-0.11,False
BOR,Kick Sauber,19,90.019218,10,90.085999,1,MEDIUM,10.0,-0.11,False
BOR,Kick Sauber,19,90.019218,11,90.223,1,MEDIUM,11.0,-0.11,False
BOR,Kick Sauber,19,90.019218,12,90.151001,1,MEDIUM,12.0,-0.11,False
BOR,Kick Sauber,19,90.019218,13,90.143997,1,MEDIUM,13.0,-0.11,False
BOR,Kick Sauber,19,90.019218,14,90.359001,1,MEDIUM,14.0,-0.11,False
BOR,Kick Sauber,19,90.019218,17,90.376999,2,HARD,2.0,0.11,False
BOR,Kick Sauber,19,90.019218,18,90.115997,2,HARD,3.0,0.11,False
BOR,Kick Sauber,19,90.019218,19,90.036003,2,HARD,4.0,0.11,False
BOR,Kick Sauber,19,90.019218,20,90.127998,2,HARD,5.0,0.11,False
BOR,Kick Sauber,19,90.019218,21,90.056,2,HARD,6.0,0.11,False
BOR,Kick Sauber,19,90.019218,22,90.339996,2,HARD,7.0,0.11,False
BOR,Kick Sauber,19,90.019218,23,89.997002,2,HARD,8.0,0.11,False
BOR,Kick Sauber,19,90.019218,24,90.144997,2,HARD,9.0,0.11,False
BOR,Kick Sauber,19,90.019218,25,90.091003,2,HARD,10.0,0.11,False
BOR,Kick Sauber,19,90.019218,26,89.932999,2,HARD,11.0,0.11,False
BOR,Kick Sauber,19,90.019218,27,90.478996,2,HARD,12.0,0.11,False
BOR,Kick Sauber,19,90.019218,28,90.695,2,HARD,13.0,0.11,False
BOR,Kick Sauber,19,90.019218,29,90.311996,2,HARD,14.0,0.11,False
BOR,Kick Sauber,19,90.019218,30,89.833,2,HARD,15.0,0.11,False
BOR,Kick Sauber,19,90.019218,31,89.981003,2,HARD,16.0,0.11,False
BOR,Kick Sauber,19,90.019218,32,89.829002,2,HARD,17.0,0.11,False
BOR,Kick Sauber,19,90.019218,33,89.954002,2,HARD,18.0,0.11,False
BOR,Kick Sauber,19,90.019218,34,89.862,2,HARD,19.0,0.11,False
BOR,Kick Sauber,19,90.019218,35,89.708,2,HARD,20.0,0.11,False
BOR,Kick Sauber,19,90.019218,36,89.735001,2,HARD,21.0,0.11,False
BOR,Kick Sauber,19,90.019218,37,90.366997,2,HARD,22.0,0.11,False
BOR,Kick Sauber,19,90.019218,38,91.004997,2,HARD,23.0,0.11,False
BOR,Kick Sauber,19,90.019218,39,90.114998,2,HARD,24.0,0.11,True
BOR,Kick Sauber,19,90.019218,40,90.021004,2,HARD,25.0,0.11,False
BOR,Kick Sauber,19,90.019218,41,91.051003,2,HARD,26.0,0.11,False
BOR,Kick Sauber,19,90.019218,42,89.835999,2,HARD,27.0,0.11,False
BOR,Kick Sauber,19,90.019218,43,90.299004,2,HARD,28.0,0.11,False
BOR,Kick Sauber,19,90.019218,44,89.653999,2,HARD,29.0,0.11,False
BOR,Kick Sauber,19,90.019218,45,89.362999,2,HARD,30.0,0.11,False
BOR,Kick Sauber,19,90.019218,46,89.386002,2,HARD,31.0,0.11,True
BOR,Kick Sauber,19,90.019218,47,89.113998,2,HARD,32.0,0.11,False
BOR,Kick Sauber,19,90.019218,48,89.371002,2,HARD,33.0,0.11,False
BOR,Kick Sauber,19,90.019218,49,89.459,2,HARD,34.0,0.11,False
BOR,Kick Sauber,19,90.019218,50,89.144997,2,HARD,35.0,0.11,False
BOR,Kick Sauber,19,90.019218,51,89.252998,2,HARD,36.0,0.11,False
BOR,Kick Sauber,19,90.019218,52,89.228996,2,HARD,37.0,0.11,False
BOR,Kick Sauber,19,90.019218,53,89.609001,2,HARD,38.0,0.11,False
BOR,Kick Sauber,19,90.019218,54,89.723,2,HARD,39.0,0.11,False
BOR,Kick Sauber,19,90.019218,55,90.038002,2,HARD,40.0,0.11,False
BOR,Kick Sauber,19,90.019218,56,89.610001,2,HARD,41.0,0.11,False
BOR,Kick Sauber,19,90.019218,57,89.835999,2,HARD,42.0,0.11,False
BOR,Kick Sauber,19,90.019218,58,90.667,2,HARD,43.0,0.11,False
HAD,Racing Bulls,20,90.169093,2,90.440002,1,MEDIUM,2.0,-0.11,False
HAD,Racing Bulls,20,90.169093,3,90.210999,1,MEDIUM,3.0,-0.11,False
HAD,Racing Bulls,20,90.169093,4,90.237,1,MEDIUM,4.0,-0.11,False
HAD,Racing Bulls,20,90.169093,5,90.261002,1,MEDIUM,5.0,-0.11,False
HAD,Racing Bulls,20,90.169093,6,90.555,1,MEDIUM,6.0,-0.11,False
HAD,Racing Bulls,20,90.169093,7,90.289001,1,MEDIUM,7.0,-0.11,False
HAD,Racing Bulls,20,90.169093,8,90.416,1,MEDIUM,8.0,-0.11,False
HAD,Racing Bulls,20,90.169093,9,90.078003,1,MEDIUM,9.0,-0.11,True
HAD,Racing Bulls,20,90.169093,10,90.346001,1,MEDIUM,10.0,-0.11,False
HAD,Racing Bulls,20,90.169093,11,90.940002,1,MEDIUM,11.0,-0.11,False
HAD,Racing Bulls,20,90.169093,12,90.633003,1,MEDIUM,12.0,-0.11,False
HAD,Racing Bulls,20,90.169093,13,91.064003,1,MEDIUM,13.0,-0.11,False
HAD,Racing Bulls,20,90.169093,16,89.838997,2,HARD,2.0,0.11,False
HAD,Racing Bulls,20,90.169093,17,90.141998,2,HARD,3.0,0.11,False
HAD,Racing Bulls,20,90.169093,18,89.869003,2,HARD,4.0,0.11,False
HAD,Racing Bulls,20,90.169093,19,90.477997,2,HARD,5.0,0.11,False
HAD,Racing Bulls,20,90.169093,20,90.028,2,HARD,6.0,0.11,False
HAD,Racing Bulls,20,90.169093,21,90.305,2,HARD,7.0,0.11,False
HAD,Racing Bulls,20,90.169093,22,89.788002,2,HARD,8.0,0.11,False
HAD,Racing Bulls,20,90.169093,23,90.078003,2,HARD,9.0,0.11,True
HAD,Racing Bulls,20,90.169093,24,90.621002,2,HARD,10.0,0.11,False
HAD,Racing Bulls,20,90.169093,25,92.178001,2,HARD,11.0,0.11,False
HAD,Racing Bulls,20,90.169093,26,89.988998,2,HARD,12.0,0.11,False
HAD,Racing Bulls,20,90.169093,27,90.0,2,HARD,13.0,0.11,False
HAD,Racing Bulls,20,90.169093,28,89.878998,2,HARD,14.0,0.11,False
HAD,Racing Bulls,20,90.169093,29,90.356003,2,HARD,15.0,0.11,False
HAD,Racing Bulls,20,90.169093,30,90.232002,2,HARD,16.0,0.11,False
HAD,Racing Bulls,20,90.169093,31,90.425003,2,HARD,17.0,0.11,False
HAD,Racing Bulls,20,90.169093,32,91.414001,2,HARD,18.0,0.11,False
HAD,Racing Bulls,20,90.169093,33,90.561996,2,HARD,19.0,0.11,False
HAD,Racing Bulls,20,90.169093,34,90.485001,2,HARD,20.0,0.11,False
HAD,Racing Bulls,20,90.169093,35,90.196999,2,HARD,21.0,0.11,False
HAD,Racing Bulls,20,90.169093,36,89.623001,2,HARD,22.0,0.11,False
HAD,Racing Bulls,20,90.169093,37,89.447998,2,HARD,23.0,0.11,False
HAD,Racing Bulls,20,90.169093,38,90.561996,2,HARD,24.0,0.11,False
HAD,Racing Bulls,20,90.169093,39,90.066002,2,HARD,25.0,0.11,False
HAD,Racing Bulls,20,90.169093,40,89.878998,2,HARD,26.0,0.11,False
HAD,Racing Bulls,20,90.169093,41,89.380997,2,HARD,27.0,0.11,True
HAD,Racing Bulls,20,90.169093,42,89.514999,2,HARD,28.0,0.11,False
HAD,Racing Bulls,20,90.169093,43,89.625,2,HARD,29.0,0.11,False
HAD,Racing Bulls,20,90.169093,44,90.446999,2,HARD,30.0,0.11,False
HAD,Racing Bulls,20,90.169093,45,89.833,2,HARD,31.0,0.11,False
HAD,Racing Bulls,20,90.169093,46,89.415001,2,HARD,32.0,0.11,False
HAD,Racing Bulls,20,90.169093,47,89.890999,2,HARD,33.0,0.11,False
HAD,Racing Bulls,20,90.169093,48,89.57,2,HARD,34.0,0.11,False
HAD,Racing Bulls,20,90.169093,49,90.058998,2,HARD,35.0,0.11,False
HAD,Racing Bulls,20,90.169093,50,89.522003,2,HARD,36.0,0.11,False
HAD,Racing Bulls,20,90.169093,51,90.082001,2,HARD,37.0,0.11,False
HAD,Racing Bulls,20,90.169093,52,89.375,2,HARD,38.0,0.11,False
HAD,Racing Bulls,20,90.169093,53,90.474998,2,HARD,39.0,0.11,False
HAD,Racing Bulls,20,90.169093,54,89.999001,2,HARD,40.0,0.11,False
HAD,Racing Bulls,20,90.169093,55,89.598999,2,HARD,41.0,0.11,False
HAD,Racing Bulls,20,90.169093,56,89.450996,2,HARD,42.0,0.11,False
HAD,Racing Bulls,20,90.169093,57,90.978996,2,HARD,43.0,0.11,False
